Year,Species,Pounds,Value,Dealers,Trips,Participants,Vessels,Licenses,CONF
1994,Amberjacks,151984.34,74522.21,56.00,1653.00,293,314,399,
1994,American Shad,110974.90,95703.30,115.00,4088.00,488,514,580,
1994,Bay Scallop,63953.85,120054.13,22.00,788.00,191,201,243,
1994,Blue Crab,53513123.63,29599954.07,286.00,121833.00,2059,2513,3652,
1994,Blue Runner,3813.70,572.06,22.00,159.00,55,56,59,
1994,Bluefish,1782344.71,542227.58,159.00,11044.00,1054,1159,1418,
1994,Catfishes,1276358.63,284724.75,104.00,16017.00,763,876,1120,
1994,Croaker,4615754.20,1451055.85,177.00,14348.00,1287,1495,1803,
1994,Dolphinfish,160742.27,243739.69,73.00,1853.00,403,452,571,
1994,Eels,107729.88,178950.42,53.00,840.00,152,167,185,
1994,"Finfish, Other",2659068.61,598686.27,233.00,24269.00,1997,2230,2903,
1994,Gizzard Shad,229310.15,11465.51,27.00,2922.00,178,199,232,
1994,Groupers,775425.20,1569878.01,69.00,4504.00,413,458,613,
1994,Hard Clams,690793.85,3582048.91,96.00,53019.00,1686,1760,2799,
1994,Hickory Shad,57543.11,17262.93,72.00,2116.00,351,356,407,
1994,Hog Snapper,19133.28,33392.68,32.00,520.00,100,114,144,
1994,King Mackerel,849908.90,1267065.57,89.00,4983.00,712,767,992,
1994,Kingfishes,620841.00,424307.07,151.00,11089.00,830,945,1197,
1994,Menhaden,73853901.37,3178605.12,58.00,1104.00,125,137,151,
1994,Monkfish/Goosefish,336758.97,204535.68,41.00,838.00,151,152,190,
1994,Oyster,183703.73,632633.77,141.00,7247.00,549,563,803,
1994,Porgies,250420.28,256439.39,61.00,3563.00,412,444,601,
1994,Red Drum,142168.89,102361.60,143.00,4066.00,804,893,1039,
1994,River Herring,644333.51,100998.89,55.00,3658.00,232,248,275,
1994,Scup,306048.00,114726.26,17.00,122.00,40,45,51,
1994,Sea bass,706060.79,772482.88,90.00,5068.00,578,643,856,
1994,Sharks,3147137.12,1490036.09,66.00,2338.00,353,381,470,
1994,"Sharks, Dogfishes",9877658.10,1013668.58,40.00,2436.00,212,219,295,
1994,"Shellfish, Other",845384.91,1021141.00,144.00,6063.00,664,741,915,
1994,"Shrimp, Uncl",7284793.20,18992485.63,232.00,21746.00,989,1229,1444,
1994,Snappers,450221.31,1012178.22,66.00,2805.00,342,359,494,
1994,Southern Flounder,4878605.75,8044843.57,253.00,42458.00,2196,2568,3251,
1994,Spadefish,23347.05,3969.00,34.00,1097.00,192,218,239,
1994,Spanish Mackerel,531371.21,247002.87,131.00,4713.00,658,742,837,
1994,Spot,2937310.89,980535.56,233.00,10895.00,1246,1404,1601,
1994,Spotted Seatrout,412358.08,492460.87,198.00,13659.00,1399,1570,1913,
1994,Striped Bass,261899.74,353564.65,77.00,3346.00,546,587,706,
1994,Striped Mullet,1726241.64,1058691.01,218.00,13649.00,1366,1523,1798,
1994,Summer Flounder,3592790.19,5852939.01,107.00,3459.00,456,490,652,
1994,Swordfish,96677.31,292409.60,7.00,142.00,19,19,32,
1994,Thread Herring,7252434.00,362803.20,12.00,39.00,18,18,18,
1994,Tilefishes,231583.70,335291.71,34.00,547.00,105,118,149,
1994,Triggerfishes,271502.64,187336.82,70.00,2326.00,317,348,461,
1994,Tuna,1263343.22,1894566.04,83.00,4101.00,533,554,741,
1994,Wahoo,20319.29,41718.08,47.00,447.00,192,201,248,
1994,Weakfish,3489929.89,1917948.93,180.00,17414.00,1355,1491,1842,
1994,White Perch,213337.41,166772.76,86.00,7404.00,533,604,745,
1994,Yellow Perch,67978.48,55062.57,53.00,4567.00,362,407,508,
1995,Amberjacks,171510.45,85763.84,54.00,1673.00,269,285,392,
1995,American Shad,205866.57,188540.82,113.00,4312.00,578,608,669,
1995,Bay Scallop,173795.52,345447.38,30.00,2108.00,284,291,331,
1995,Blue Crab,46443653.20,36239349.75,303.00,125975.00,2211,2797,4065,
1995,Blue Runner,2112.90,528.23,17.00,127.00,53,53,59,
1995,Bluefish,3010742.28,1078916.58,176.00,13898.00,1161,1276,1623,
1995,Catfishes,877714.79,230200.50,117.00,14693.00,792,904,1193,
1995,Croaker,6021304.28,2002304.37,197.00,18269.00,1432,1637,2041,
1995,Dolphinfish,354188.18,573863.46,89.00,2430.00,506,531,708,
1995,Eels,182850.75,368698.27,55.00,818.00,167,183,209,
1995,"Finfish, Other",2655730.38,852164.86,267.00,25265.00,1990,2215,2983,
1995,Gizzard Shad,317540.00,19052.40,23.00,2576.00,198,212,246,
1995,Groupers,773371.58,1529751.28,71.00,3918.00,382,411,605,
1995,Hard Clams,702653.60,4628829.96,83.00,50606.00,1753,1877,3151,
1995,Hickory Shad,67569.28,19301.08,70.00,2738.00,427,445,494,
1995,Hog Snapper,33506.88,55963.78,38.00,643.00,118,138,171,
1995,King Mackerel,1013319.29,1589703.58,88.00,4675.00,666,720,956,
1995,Kingfishes,1058784.66,746602.97,168.00,12495.00,937,1059,1397,
1995,Menhaden,58374080.50,3560952.99,60.00,964.00,137,141,174,
1995,Monkfish/Goosefish,535886.70,421834.37,45.00,751.00,202,175,223,
1995,Oyster,220661.17,815069.55,146.00,8754.00,582,625,879,
1995,Porgies,249062.23,263535.00,67.00,3017.00,350,384,527,
1995,Red Drum,248122.07,223309.86,168.00,7496.00,1036,1151,1384,
1995,River Herring,453984.48,134934.01,46.00,2912.00,232,241,248,
1995,Scup,24046.75,9864.93,27.00,124.00,65,66,73,
1995,Sea bass,493677.73,597035.53,101.00,3952.00,524,575,767,
1995,Sharks,2727300.45,1146157.31,72.00,2156.00,312,313,426,
1995,"Sharks, Dogfishes",9357602.20,1553086.44,43.00,2608.00,267,269,341,
1995,"Shellfish, Other",919113.17,1363820.60,134.00,6786.00,688,743,1001,
1995,"Shrimp, Uncl",8669030.26,20318226.76,263.00,23890.00,1080,1255,1741,
1995,Snappers,403498.68,931144.27,56.00,2328.00,289,310,434,
1995,Southern Flounder,4166946.91,7611379.94,279.00,45741.00,2277,2708,3600,
1995,Spadefish,40872.50,8174.50,47.00,1470.00,236,270,290,
1995,Spanish Mackerel,402392.21,216116.12,144.00,4309.00,609,678,776,
1995,Spot,3006844.80,932121.89,252.00,11468.00,1298,1437,1665,
1995,Spotted Seatrout,574295.61,634060.62,215.00,16856.00,1548,1778,2250,
1995,Striped Bass,446789.06,606528.99,90.00,6540.00,747,816,978,
1995,Striped Mullet,2298446.42,1944319.24,246.00,13819.00,1457,1603,1954,
1995,Summer Flounder,4582195.07,8190373.10,103.00,2168.00,481,470,653,
1995,Swordfish,171299.40,517857.60,8.00,222.00,38,19,54,
1995,Thread Herring,6391228.00,447385.96,3.00,17.00,4,5,5,
1995,Tilefishes,160859.81,228295.47,30.00,553.00,90,99,129,
1995,Triggerfishes,304539.98,216210.61,73.00,2071.00,277,297,407,
1995,Tuna,2148909.57,3555022.79,92.00,4107.00,577,569,798,
1995,Wahoo,40731.03,84674.74,56.00,784.00,281,268,349,
1995,Weakfish,4113260.34,2165275.72,201.00,20565.00,1455,1640,2089,
1995,White Perch,111365.83,75347.86,85.00,6077.00,517,578,720,
1995,Yellow Perch,61872.10,40836.57,47.00,3622.00,330,357,429,
1996,Amberjacks,139668.75,63942.21,44.00,1345.00,238,248,345,
1996,American Shad,199638.49,172103.85,127.00,5202.00,614,640,728,
1996,Bay Scallop,27388.44,105715.83,17.00,446.00,89,93,115,
1996,Blue Crab,67080199.71,43042433.67,333.00,123900.00,2287,2819,4278,
1996,Blue Runner,2722.70,816.81,23.00,206.00,70,72,82,
1996,Bluefish,3298640.39,861547.17,165.00,10997.00,1038,1140,1555,
1996,Catfishes,802419.57,238015.71,118.00,13668.00,787,917,1276,
1996,Croaker,9961842.49,3642607.62,202.00,15419.00,1311,1508,1991,
1996,Dolphinfish,128586.32,215422.96,75.00,1422.00,340,352,479,
1996,Eels,151375.30,250251.51,65.00,1083.00,187,213,251,
1996,"Finfish, Other",2504485.98,767484.55,295.00,26889.00,2126,2430,3292,
1996,Gizzard Shad,410963.25,26546.00,39.00,3473.00,261,279,337,
1996,Groupers,651104.99,1350817.32,68.00,3096.00,327,365,513,
1996,Hard Clams,619836.98,4380620.41,89.00,43055.00,1568,1655,2688,
1996,Hickory Shad,187886.78,40325.79,88.00,3635.00,516,540,565,
1996,Hog Snapper,13840.73,23864.34,32.00,456.00,82,94,125,
1996,King Mackerel,793467.02,1271783.03,90.00,3196.00,553,594,784,
1996,Kingfishes,528260.44,470545.18,174.00,8907.00,830,941,1245,
1996,Menhaden,53850943.01,4858470.87,78.00,1640.00,264,291,338,
1996,Monkfish/Goosefish,535092.25,432711.78,48.00,909.00,194,183,227,
1996,Oyster,210931.09,793122.74,121.00,8047.00,504,556,786,
1996,Porgies,237309.94,265183.10,59.00,2478.00,305,333,479,
1996,Red Drum,113338.24,112881.36,162.00,4891.00,849,939,1159,
1996,River Herring,529502.65,132389.29,55.00,3215.00,265,282,297,
1996,Scup,58860.50,19824.19,17.00,95.00,47,50,52,
1996,Sea bass,778325.37,998103.05,96.00,3616.00,505,536,730,
1996,Sharks,1871202.54,771562.84,64.00,1563.00,292,285,400,
1996,"Sharks, Dogfishes",13673757.90,2228921.55,44.00,3378.00,290,294,428,
1996,"Shellfish, Other",618869.68,1040210.11,130.00,5854.00,620,687,876,
1996,"Shrimp, Uncl",5261136.61,13365295.20,258.00,17084.00,865,1077,1370,
1996,Snappers,350206.49,763999.19,53.00,1903.00,247,266,380,
1996,Southern Flounder,3807008.63,7235816.94,293.00,40604.00,2194,2591,3510,
1996,Spadefish,55889.50,13497.10,45.00,1375.00,213,244,296,
1996,Spanish Mackerel,401829.51,204501.67,138.00,3958.00,580,654,794,
1996,Spot,2289999.68,866052.91,257.00,12334.00,1357,1548,1898,
1996,Spotted Seatrout,226588.82,252411.47,214.00,9503.00,1210,1365,1718,
1996,Striped Bass,181599.76,220944.52,91.00,6639.00,612,655,820,
1996,Striped Mullet,1756863.05,1091892.12,244.00,13961.00,1423,1600,2015,
1996,Summer Flounder,4227052.32,6784624.30,103.00,2577.00,419,441,586,
1996,Swordfish,194861.82,484105.21,8.00,198.00,32,23,47,
1996,Thread Herring,***,***,1.00,11.00,1,2,2,*
1996,Tilefishes,158586.08,229733.83,27.00,562.00,78,75,113,
1996,Triggerfishes,277741.11,210941.54,64.00,1745.00,253,271,374,
1996,Tuna,1526783.83,2268042.25,94.00,3228.00,483,484,683,
1996,Wahoo,26675.40,53364.43,46.00,439.00,189,187,246,
1996,Weakfish,3977640.63,2304420.22,197.00,17655.00,1319,1467,1981,
1996,White Perch,172879.19,124218.48,102.00,7224.00,588,672,887,
1996,Yellow Perch,53827.72,42360.01,64.00,4038.00,389,446,578,
1997,Amberjacks,178309.66,107051.78,55.00,1535.00,270,282,309,
1997,American Shad,219525.67,149202.88,113.00,5666.00,566,605,634,
1997,Bay Scallop,54606.49,183172.50,16.00,674.00,96,96,107,
1997,Blue Crab,56090109.01,37686038.74,346.00,132493.00,2284,2700,3112,
1997,Blue Runner,1616.80,458.09,18.00,137.00,60,60,60,
1997,Bluefish,4003159.86,1166023.21,186.00,16520.00,1195,1319,1426,
1997,Catfishes,1031143.91,282601.41,116.00,16594.00,800,896,976,
1997,Croaker,10711666.69,4116446.16,196.00,15214.00,1358,1503,1617,
1997,Dolphinfish,229791.10,347269.83,77.00,1528.00,363,365,418,
1997,Eels,137580.50,329322.55,62.00,1081.00,184,206,220,
1997,"Finfish, Other",2380676.67,806308.85,276.00,26931.00,2000,2229,2439,
1997,Gizzard Shad,253667.05,16657.47,35.00,2556.00,186,205,216,
1997,Groupers,719549.54,1547969.87,68.00,3674.00,340,351,405,
1997,Hard Clams,696295.05,4878022.10,89.00,45047.00,1535,1561,1961,
1997,Hickory Shad,138227.65,17405.43,71.00,2701.00,439,460,475,
1997,Hog Snapper,14009.75,26296.65,39.00,454.00,85,97,108,
1997,King Mackerel,1558439.46,2375083.69,106.00,5331.00,693,699,791,
1997,Kingfishes,872888.44,864030.16,176.00,11021.00,871,976,1047,
1997,Menhaden,97727056.87,8794202.46,92.00,2421.00,309,323,348,
1997,Monkfish/Goosefish,704035.90,446669.07,40.00,725.00,149,151,164,
1997,Oyster,218970.28,888962.84,122.00,8130.00,498,492,590,
1997,Porgies,188884.92,239500.62,61.00,2536.00,295,307,352,
1997,Red Drum,52502.39,56939.40,126.00,2440.00,571,635,660,
1997,River Herring,334808.73,128987.51,51.00,2673.00,231,246,255,
1997,Scup,1364.50,761.05,8.00,21.00,15,16,16,
1997,Sea bass,766827.89,1124010.41,82.00,3990.00,428,447,500,
1997,Sharks,1487669.44,512327.71,60.00,1798.00,269,268,300,
1997,"Sharks, Dogfishes",8135923.02,1083374.35,44.00,2792.00,252,257,272,
1997,"Shellfish, Other",1002858.15,852326.57,130.00,5008.00,526,587,636,
1997,"Shrimp, Uncl",6988242.84,18204266.49,248.00,20442.00,911,1063,1148,
1997,Snappers,366482.18,872983.04,66.00,2207.00,260,263,298,
1997,Southern Flounder,4076791.33,7981373.33,278.00,46540.00,2216,2557,2821,
1997,Spadefish,57383.85,13321.21,58.00,1907.00,301,354,366,
1997,Spanish Mackerel,766958.17,474882.27,164.00,5989.00,784,876,920,
1997,Spot,2627925.45,1155343.03,251.00,13762.00,1396,1571,1672,
1997,Spotted Seatrout,232496.97,283425.07,198.00,10924.00,1217,1360,1444,
1997,Striped Bass,587785.53,711090.87,101.00,8715.00,814,895,942,
1997,Striped Mullet,2442656.50,1777617.17,248.00,14363.00,1411,1566,1702,
1997,Summer Flounder,1501173.41,2828189.68,110.00,2770.00,403,428,457,
1997,Swordfish,176265.51,458987.89,9.00,171.00,28,15,31,
1997,Thread Herring,***,***,1.00,15.00,1,2,2,*
1997,Tilefishes,149402.32,177222.51,32.00,775.00,106,103,119,
1997,Triggerfishes,342123.33,257505.80,77.00,2297.00,300,313,351,
1997,Tuna,1277937.56,1490572.42,93.00,4524.00,553,553,611,
1997,Wahoo,20627.99,45189.74,50.00,401.00,178,174,195,
1997,Weakfish,3561060.42,1869619.70,203.00,21235.00,1420,1579,1709,
1997,White Perch,123046.05,97917.01,97.00,7048.00,577,633,673,
1997,Yellow Perch,76744.75,66150.46,56.00,5016.00,385,425,450,
1998,Amberjacks,101739.35,60262.69,52.00,1209.00,199,209,234,
1998,American Shad,327555.50,233760.90,108.00,5098.00,483,515,531,
1998,Bay Scallop,102818.63,289184.22,22.00,1059.00,134,139,151,
1998,Blue Crab,62076170.45,44959639.57,356.00,143055.00,2004,2413,2756,
1998,Blue Runner,1296.00,413.10,18.00,81.00,35,40,42,
1998,Bluefish,2925929.02,763582.74,185.00,13743.00,1080,1174,1258,
1998,Catfishes,910153.97,230009.13,104.00,13578.00,646,751,785,
1998,Croaker,10865897.09,3449816.76,189.00,10662.00,1092,1227,1292,
1998,Dolphinfish,149990.21,238611.33,70.00,1295.00,273,284,334,
1998,Eels,99709.65,234276.34,60.00,1012.00,172,188,199,
1998,"Finfish, Other",1458889.49,486333.56,264.00,20993.00,1667,1860,2001,
1998,Gizzard Shad,230093.50,18745.85,16.00,2763.00,153,171,173,
1998,Groupers,745664.79,1647973.29,69.00,3558.00,309,326,367,
1998,Hard Clams,689510.21,4559845.68,89.00,40820.00,1326,1404,1718,
1998,Hickory Shad,93503.77,18311.52,80.00,2538.00,430,459,471,
1998,Hog Snapper,12037.25,22166.49,24.00,434.00,78,84,91,
1998,King Mackerel,1143342.07,1749357.11,93.00,4074.00,578,593,662,
1998,Kingfishes,399312.65,414314.55,157.00,8768.00,745,831,880,
1998,Menhaden,57976454.66,4121666.79,79.00,2385.00,250,286,307,
1998,Monkfish/Goosefish,686715.12,478014.08,41.00,694.00,165,167,186,
1998,Oyster,224214.01,925558.97,133.00,7568.00,502,541,613,
1998,Porgies,183884.88,240148.93,59.00,2604.00,264,279,315,
1998,Red Drum,294365.51,288397.27,155.00,5613.00,694,782,819,
1998,River Herring,521930.33,202436.94,44.00,2809.00,223,248,257,
1998,Scup,14885.00,8140.48,13.00,38.00,27,29,29,
1998,Sea bass,743242.62,1099981.73,96.00,3873.00,423,457,510,
1998,Sharks,1167236.33,409568.09,67.00,1293.00,228,236,266,
1998,"Sharks, Dogfishes",5451609.80,744242.88,50.00,2049.00,208,221,231,
1998,"Shellfish, Other",1095342.78,812460.17,124.00,5802.00,562,621,670,
1998,"Shrimp, Uncl",4635188.99,10855296.18,234.00,14969.00,692,800,859,
1998,Snappers,352019.85,851507.69,52.00,2050.00,229,236,265,
1998,Southern Flounder,3952563.48,7118713.03,281.00,39433.00,1837,2139,2308,
1998,Spadefish,38994.00,13369.37,52.00,1154.00,223,246,251,
1998,Spanish Mackerel,372415.14,261972.67,139.00,4138.00,589,670,692,
1998,Spot,2396979.31,1001658.95,235.00,11355.00,1176,1341,1421,
1998,Spotted Seatrout,307671.07,380723.79,206.00,12384.00,1147,1293,1369,
1998,Striped Bass,422868.50,520039.34,95.00,6702.00,706,792,822,
1998,Striped Mullet,2218107.90,1061430.12,246.00,12848.00,1183,1330,1425,
1998,Summer Flounder,2983273.02,5419104.45,106.00,2538.00,355,382,414,
1998,Swordfish,265064.33,666672.63,11.00,208.00,30,19,36,
1998,Thread Herring,***,***,2.00,15.00,4,5,5,*
1998,Tilefishes,67770.49,89592.94,32.00,621.00,94,93,100,
1998,Triggerfishes,274640.60,201112.99,65.00,1901.00,223,231,257,
1998,Tuna,1064415.37,1376822.10,92.00,2959.00,444,451,512,
1998,Wahoo,22599.54,47860.51,49.00,359.00,165,153,184,
1998,Weakfish,3354007.91,1698335.97,190.00,16854.00,1170,1328,1411,
1998,White Perch,142671.78,116945.03,87.00,7027.00,506,588,609,
1998,Yellow Perch,79312.53,70303.24,52.00,4776.00,347,397,409,
1999,Amberjacks,129244.77,78238.86,47.00,1356.00,201,228,293,
1999,American Shad,131616.71,108144.55,100.00,4718.00,463,507,545,
1999,Bay Scallop,29650.99,102998.26,21.00,441.00,81,81,93,
1999,Blue Crab,57545842.55,37811792.88,396.00,124377.00,1916,2973,3989,
1999,Blue Runner,3096.00,2089.80,14.00,97.00,34,37,40,
1999,Bluefish,2761083.84,877734.02,166.00,12087.00,974,1182,1450,
1999,Catfishes,731282.64,206169.28,103.00,14376.00,636,859,1100,
1999,Croaker,10185506.82,3119798.50,192.00,12980.00,1116,1424,1765,
1999,Dolphinfish,209488.21,343807.61,79.00,1423.00,331,353,467,
1999,Eels,108410.30,136891.73,65.00,1032.00,164,198,234,
1999,"Finfish, Other",1584352.03,448925.09,272.00,25497.00,1727,2220,2826,
1999,Gizzard Shad,205656.00,13097.04,21.00,2780.00,164,198,233,
1999,Groupers,758067.74,1629811.73,54.00,2821.00,267,309,428,
1999,Hard Clams,576836.16,3773579.89,88.00,32889.00,1486,1310,2295,
1999,Hickory Shad,112139.70,20768.94,74.00,3644.00,434,472,509,
1999,Hog Snapper,12404.93,21712.21,24.00,391.00,74,84,109,
1999,King Mackerel,1082692.82,1695944.09,73.00,3617.00,437,525,687,
1999,Kingfishes,607465.24,621078.04,167.00,9428.00,783,939,1207,
1999,Menhaden,42799080.34,2680633.04,95.00,3809.00,419,508,594,
1999,Monkfish/Goosefish,599538.12,654846.39,40.00,812.00,173,183,218,
1999,Oyster,216831.06,922797.29,132.00,7459.00,521,556,776,
1999,Porgies,77136.81,92189.40,47.00,1539.00,202,226,312,
1999,Red Drum,372941.91,398282.35,158.00,10603.00,909,1176,1370,
1999,River Herring,443494.14,180874.26,41.00,2815.00,204,222,243,
1999,Scup,***,***,1.00,1.00,1,1,1,*
1999,Sea bass,613546.68,1078873.21,83.00,3021.00,376,446,598,
1999,Sharks,1666655.24,704666.11,50.00,1207.00,174,194,251,
1999,"Sharks, Dogfishes",4224232.42,619912.05,36.00,1886.00,180,197,241,
1999,"Shellfish, Other",274932.58,199972.19,124.00,4547.00,542,576,796,
1999,"Shrimp, Brown",1672958.76,4323442.12,177.00,3341.00,549,593,593,
1999,"Shrimp, Pink",10059.95,11293.73,13.00,82.00,27,28,28,
1999,"Shrimp, Uncl",3661887.24,7947451.74,234.00,9777.00,594,696,883,
1999,"Shrimp, White",3659301.72,9812190.90,178.00,7027.00,562,649,620,
1999,Snappers,441782.60,1067328.35,49.00,1810.00,200,224,315,
1999,Southern Flounder,2933275.84,5154123.75,280.00,35413.00,1795,2433,3004,
1999,Spadefish,34319.50,9535.78,67.00,1613.00,298,354,382,
1999,Spanish Mackerel,459100.02,265833.84,140.00,3543.00,540,621,722,
1999,Spot,2262174.85,1001979.76,254.00,12382.00,1275,1570,1831,
1999,Spotted Seatrout,546674.83,670460.23,203.00,15319.00,1291,1671,1974,
1999,Striped Bass,588311.39,724844.18,91.00,9097.00,699,853,1013,
1999,Striped Mullet,1460850.31,838924.30,210.00,10391.00,990,1232,1426,
1999,Summer Flounder,2869109.75,5011563.36,102.00,3028.00,347,389,535,
1999,Swordfish,611028.83,1044237.26,12.00,179.00,30,33,46,
1999,Thread Herring,***,***,2.00,5.00,2,2,2,*
1999,Tilefishes,76697.14,67733.60,30.00,582.00,73,94,114,
1999,Triggerfishes,150387.09,110496.28,57.00,1503.00,187,212,282,
1999,Tuna,1126550.54,1257270.49,90.00,3266.00,415,471,610,
1999,Wahoo,28963.11,58314.07,60.00,460.00,181,186,240,
1999,Weakfish,2617582.31,1390988.33,193.00,17075.00,1170,1510,1859,
1999,White Perch,353245.76,263296.46,97.00,9177.00,530,701,870,
1999,Yellow Perch,113544.75,102646.02,58.00,5650.00,374,474,590,
2000,Amberjacks,127115.60,82064.58,38.00,1331.00,205,227,215,
2000,American Shad,297989.83,213009.60,112.00,5277.00,537,601,562,
2000,Bay Scallop,21029.10,78553.55,20.00,341.00,71,71,72,
2000,Blue Crab,40638384.29,37437727.60,330.00,111221.00,1756,2400,1914,
2000,Blue Runner,1749.00,437.25,13.00,184.00,58,58,59,
2000,Bluefish,3368610.19,1104129.01,161.00,11643.00,959,1107,1013,
2000,Catfishes,879446.92,268894.81,107.00,12213.00,630,767,679,
2000,Croaker,10122626.97,2986815.57,163.00,11810.00,1114,1276,1187,
2000,Dolphinfish,197259.08,306687.76,63.00,1238.00,272,289,290,
2000,Eels,134455.85,179262.88,56.00,909.00,170,190,181,
2000,"Finfish, Other",1282307.58,585597.96,250.00,23896.00,1701,1995,1811,
2000,Gizzard Shad,287453.00,20121.71,23.00,2476.00,142,165,151,
2000,Groupers,636941.70,1420413.98,47.00,2278.00,211,253,225,
2000,Hard Clams,675814.03,4680245.30,84.00,41989.00,1640,1279,1750,
2000,Hickory Shad,92563.58,14501.77,72.00,2625.00,391,435,411,
2000,Hog Snapper,7727.25,14852.30,21.00,322.00,57,63,62,
2000,King Mackerel,1045554.32,1655894.24,78.00,4064.00,477,529,512,
2000,Kingfishes,551939.83,520965.20,152.00,8656.00,750,874,798,
2000,Menhaden,56280111.91,3495744.05,83.00,4145.00,380,451,411,
2000,Monkfish/Goosefish,745164.00,966738.57,32.00,757.00,173,184,185,
2000,Oyster,203426.56,804212.10,122.00,7709.00,560,546,584,
2000,Porgies,23726.54,24752.60,33.00,658.00,108,116,113,
2000,Red Drum,270952.67,294870.56,158.00,9753.00,981,1151,1049,
2000,River Herring,332335.50,126684.55,46.00,2461.00,210,247,224,
2000,Sea bass,567383.56,973039.61,67.00,2314.00,309,359,333,
2000,Sharks,1460709.26,548830.34,40.00,1368.00,190,205,202,
2000,"Sharks, Dogfishes",3885221.40,678308.43,32.00,1555.00,179,193,184,
2000,"Shellfish, Other",286238.63,314996.38,107.00,4668.00,586,609,618,
2000,"Shrimp, Brown",6489494.92,16000250.45,206.00,9009.00,776,906,821,
2000,"Shrimp, Pink",161421.90,383244.51,40.00,1468.00,173,192,177,
2000,"Shrimp, Uncl",469137.03,956056.39,48.00,479.00,106,111,107,
2000,"Shrimp, White",3214861.51,8066364.68,196.00,8008.00,661,757,695,
2000,Snappers,510897.09,1281041.54,38.00,1603.00,166,193,177,
2000,Southern Flounder,3205788.65,5660760.99,262.00,37490.00,1896,2296,2017,
2000,Spadefish,46234.50,12887.88,51.00,1287.00,231,259,240,
2000,Spanish Mackerel,659426.11,499445.73,130.00,4550.00,603,684,631,
2000,Spot,2829818.45,1172230.55,245.00,13229.00,1389,1569,1455,
2000,Spotted Seatrout,376574.13,467122.18,185.00,11241.00,1159,1357,1226,
2000,Striped Bass,407439.73,471836.95,85.00,11706.00,698,847,754,
2000,Striped Mullet,2829086.41,1602701.92,222.00,13631.00,1230,1460,1314,
2000,Summer Flounder,3386581.40,5991407.57,96.00,2532.00,359,392,380,
2000,Swordfish,414801.10,937554.92,7.00,155.00,25,24,25,
2000,Thread Herring,***,***,2.00,4.00,3,3,3,*
2000,Tilefishes,85467.22,98129.56,22.00,425.00,56,59,59,
2000,Triggerfishes,88277.36,84106.37,46.00,1194.00,151,175,160,
2000,Tuna,1727787.10,3414429.45,76.00,3201.00,421,464,440,
2000,Wahoo,19905.11,46475.31,46.00,354.00,154,158,165,
2000,Weakfish,1869042.51,1089958.79,170.00,13992.00,1128,1306,1193,
2000,White Perch,202191.82,139703.62,93.00,8224.00,561,678,608,
2000,Yellow Perch,94084.81,98296.55,62.00,4271.00,342,406,374,
2001,Amberjacks,121965.75,64071.29,45.00,1247.00,196,210,206,
2001,American Shad,151075.45,94373.11,101.00,5037.00,461,520,489,
2001,Bay Scallop,2517.25,10423.00,11.00,56.00,26,21,26,
2001,Blue Crab,32179345.14,32230519.07,337.00,113571.00,1787,2430,1956,
2001,Blue Runner,890.00,296.67,15.00,109.00,41,42,42,
2001,Bluefish,4065999.89,1091019.67,162.00,10923.00,945,1097,1001,
2001,Catfishes,564182.51,153609.02,101.00,12296.00,584,720,635,
2001,Croaker,12017423.77,3080205.07,180.00,12954.00,1123,1299,1190,
2001,Dolphinfish,160546.43,220794.62,65.00,1199.00,305,316,321,
2001,Eels,114272.00,125113.53,51.00,784.00,131,144,138,
2001,"Finfish, Other",1003001.99,535503.64,253.00,20144.00,1542,1804,1642,
2001,Gizzard Shad,245261.00,12263.05,20.00,1114.00,83,91,93,
2001,Groupers,558625.51,1255385.82,56.00,2404.00,216,237,228,
2001,Hard Clams,763572.60,5007241.13,95.00,48759.00,1828,1210,1898,
2001,Hickory Shad,172236.23,52166.13,73.00,3351.00,389,430,408,
2001,Hog Snapper,8203.06,15665.85,23.00,273.00,53,60,58,
2001,King Mackerel,839106.64,1353511.27,77.00,3652.00,456,496,483,
2001,Kingfishes,489742.94,501998.97,148.00,7222.00,662,781,703,
2001,Menhaden,56012396.01,4551444.64,110.00,5431.00,482,550,516,
2001,Monkfish/Goosefish,208412.75,232016.61,34.00,548.00,147,151,152,
2001,Oyster,258086.47,1068352.07,136.00,9402.00,651,612,674,
2001,Porgies,56414.92,62303.08,52.00,1400.00,159,177,169,
2001,Red Drum,149615.54,170547.50,146.00,8863.00,781,905,823,
2001,River Herring,306761.00,118545.95,38.00,1418.00,151,172,165,
2001,Sea bass,644840.27,1063188.54,69.00,2624.00,292,319,309,
2001,Sharks,1139067.93,520162.03,53.00,1235.00,187,202,197,
2001,"Sharks, Dogfishes",510756.00,125924.82,26.00,556.00,89,92,93,
2001,"Shellfish, Other",661037.46,1828824.06,128.00,5868.00,629,589,655,
2001,"Shrimp, Brown",3923539.89,8830577.28,196.00,8371.00,628,703,670,
2001,"Shrimp, Pink",211858.41,449928.84,56.00,2068.00,192,201,199,
2001,"Shrimp, Uncl",255580.21,653514.49,25.00,393.00,57,58,60,
2001,"Shrimp, White",863153.10,1976926.74,160.00,3537.00,400,445,421,
2001,Snappers,523741.68,1219288.96,46.00,1702.00,175,194,186,
2001,Southern Flounder,3522135.92,5690481.02,259.00,36006.00,1736,2124,1850,
2001,Spadefish,41993.75,11579.16,51.00,1082.00,229,246,234,
2001,Spanish Mackerel,653673.05,524262.54,122.00,3756.00,518,586,538,
2001,Spot,3093871.59,1278326.66,239.00,11912.00,1258,1457,1318,
2001,Spotted Seatrout,105714.23,134847.56,171.00,6490.00,901,1056,952,
2001,Striped Bass,626052.30,773102.14,93.00,12066.00,751,885,813,
2001,Striped Mullet,2317655.02,1181912.35,219.00,10726.00,1070,1245,1124,
2001,Summer Flounder,2784741.35,4451356.16,85.00,1713.00,275,296,287,
2001,Swordfish,596178.43,1313372.00,6.00,235.00,32,33,34,
2001,Tilefishes,106673.72,99198.16,28.00,539.00,66,75,70,
2001,Triggerfishes,87628.37,82532.09,56.00,1347.00,155,171,162,
2001,Tuna,1729572.45,2599881.46,86.00,3503.00,479,520,505,
2001,Wahoo,20502.73,41713.69,46.00,373.00,168,175,183,
2001,Weakfish,1960324.34,1037168.84,177.00,12030.00,1029,1205,1095,
2001,White Perch,244816.90,159075.01,89.00,6857.00,472,571,511,
2001,Yellow Perch,90526.59,87596.40,60.00,3465.00,297,347,313,
2002,Amberjacks,120643.97,69982.17,39.00,1178.00,176,183,183,
2002,American Shad,274656.69,174141.58,100.00,4292.00,401,432,424,
2002,Bay Scallop,19219.40,68364.89,23.00,335.00,74,68,74,
2002,Blue Crab,37736318.80,33148432.23,331.00,93620.00,1681,2036,1803,
2002,Blue Runner,4194.00,1359.43,14.00,259.00,45,46,48,
2002,Bluefish,2323964.36,776569.58,168.00,10133.00,885,1003,928,
2002,Catfishes,367664.61,95256.88,89.00,10900.00,507,616,541,
2002,Croaker,10189153.28,3233401.52,165.00,8815.00,957,1080,991,
2002,Dolphinfish,168428.56,243509.68,82.00,1434.00,318,336,340,
2002,Eels,64572.80,85398.77,44.00,579.00,104,111,108,
2002,"Finfish, Other",1230197.21,523812.94,266.00,23405.00,1636,1868,1727,
2002,Gizzard Shad,227459.25,9297.90,12.00,1478.00,84,93,94,
2002,Groupers,699579.04,1584583.54,56.00,2677.00,208,219,217,
2002,Hard Clams,619720.53,3505642.23,96.00,35597.00,1411,922,1469,
2002,Hickory Shad,51157.62,8285.84,67.00,1781.00,272,280,288,
2002,Hog Snapper,10636.78,20308.90,26.00,306.00,67,70,72,
2002,King Mackerel,778427.07,1177215.51,83.00,3155.00,447,479,484,
2002,Kingfishes,619747.92,603864.79,143.00,6474.00,663,739,695,
2002,Menhaden,69190595.51,5045406.91,113.00,6089.00,420,476,449,
2002,Monkfish/Goosefish,278608.00,232940.45,33.00,642.00,140,143,146,
2002,Oyster,243775.16,991003.70,135.00,9061.00,644,540,669,
2002,Porgies,64218.88,62410.64,43.00,1409.00,156,163,163,
2002,Red Drum,81369.87,89199.04,147.00,6709.00,737,841,768,
2002,River Herring,174829.75,65711.69,35.00,1902.00,146,163,158,
2002,Scup,***,***,2.00,4.00,2,2,2,*
2002,Sea bass,592248.85,878235.55,81.00,2480.00,305,327,323,
2002,Sharks,1707185.55,869823.23,39.00,1111.00,156,163,159,
2002,"Sharks, Dogfishes",341722.00,101357.50,14.00,469.00,65,67,66,
2002,"Shellfish, Other",648484.32,1402518.29,120.00,5660.00,558,547,582,
2002,"Shrimp, Brown",6029219.47,10905492.69,222.00,7719.00,656,711,682,
2002,"Shrimp, Pink",879894.20,1503821.88,105.00,3609.00,306,324,317,
2002,"Shrimp, Uncl",545561.75,1061263.17,29.00,535.00,75,75,76,
2002,"Shrimp, White",2514342.18,4894186.59,208.00,6996.00,493,533,515,
2002,Snappers,490590.58,1186998.40,54.00,1715.00,173,181,182,
2002,Southern Flounder,3436751.32,5165014.24,264.00,33409.00,1584,1881,1672,
2002,Spadefish,38400.00,7756.80,41.00,1152.00,215,232,219,
2002,Spanish Mackerel,698448.12,617860.15,137.00,3261.00,478,521,494,
2002,Spot,2184032.47,931527.67,232.00,13128.00,1260,1432,1318,
2002,Spotted Seatrout,175555.21,213668.23,176.00,8855.00,989,1146,1037,
2002,Striped Bass,701458.73,855457.12,86.00,11278.00,814,948,881,
2002,Striped Mullet,2596304.06,1251675.58,208.00,10622.00,1032,1171,1075,
2002,Summer Flounder,4129121.42,6106078.64,84.00,1737.00,262,273,272,
2002,Swordfish,480948.16,935891.51,4.00,182.00,26,25,25,
2002,Thread Herring,***,***,2.00,9.00,2,2,2,*
2002,Tilefishes,220331.14,221262.01,27.00,578.00,63,66,66,
2002,Triggerfishes,90933.70,84598.99,59.00,1385.00,177,186,186,
2002,Tuna,1015421.06,2169542.13,72.00,2869.00,411,433,433,
2002,Wahoo,19952.27,38298.34,50.00,299.00,147,156,161,
2002,Weakfish,1828149.77,1051137.12,175.00,10092.00,970,1097,1023,
2002,White Perch,280860.46,161259.99,78.00,7595.00,429,510,462,
2002,Yellow Perch,78828.48,76482.41,38.00,3156.00,226,275,246,
2003,Amberjacks,135990.61,84218.20,52.00,1117.00,184,197,193,
2003,American Shad,395250.84,251531.86,101.00,4574.00,422,458,443,
2003,Bay Scallop,14193.95,48627.93,20.00,243.00,68,58,70,
2003,Blue Crab,42769796.80,37108092.71,319.00,91730.00,1578,1956,1686,
2003,Blue Runner,1555.00,575.35,13.00,127.00,41,42,42,
2003,Bluefish,3470100.18,767565.67,157.00,8594.00,760,869,793,
2003,Catfishes,385887.65,99694.96,86.00,10729.00,565,663,602,
2003,Croaker,14429196.75,2923946.46,151.00,7361.00,796,892,831,
2003,Dolphinfish,186262.13,329369.60,69.00,963.00,255,275,274,
2003,Eels,175612.50,268905.81,41.00,596.00,100,110,103,
2003,"Finfish, Other",764281.30,377160.49,254.00,18470.00,1404,1631,1484,
2003,Gizzard Shad,152009.50,16542.21,12.00,1027.00,68,73,75,
2003,Groupers,651948.68,1535713.92,70.00,2108.00,204,223,211,
2003,Hard Clams,533026.93,3339171.54,93.00,30837.00,1206,848,1252,
2003,Hickory Shad,68937.68,18542.68,65.00,2004.00,295,316,309,
2003,Hog Snapper,9134.96,19263.27,31.00,282.00,50,55,53,
2003,King Mackerel,764831.24,1214204.55,88.00,2752.00,405,455,447,
2003,Kingfishes,652635.52,644920.28,151.00,6750.00,620,697,646,
2003,Menhaden,48936502.17,3943814.04,100.00,4312.00,390,446,420,
2003,Monkfish/Goosefish,335338.00,314344.18,28.00,651.00,142,149,148,
2003,Oyster,261043.04,1017886.71,144.00,9282.00,636,530,656,
2003,Porgies,40626.13,45087.94,52.00,1216.00,146,160,150,
2003,Red Drum,90525.47,105671.08,142.00,6845.00,682,798,710,
2003,River Herring,199716.25,88861.74,42.00,2087.00,180,205,189,
2003,Scup,143004.00,75452.64,7.00,26.00,18,17,18,
2003,Sea bass,850549.91,1416659.03,90.00,2063.00,279,296,291,
2003,Sharks,1274162.55,665836.68,41.00,1014.00,131,137,133,
2003,"Sharks, Dogfishes",373078.00,110487.02,19.00,502.00,82,86,84,
2003,"Shellfish, Other",1005985.22,917638.75,119.00,6819.00,561,538,582,
2003,"Shrimp, Brown",4828512.61,8210280.27,222.00,8812.00,539,589,563,
2003,"Shrimp, Pink",219009.60,459905.74,56.00,1631.00,158,166,162,
2003,"Shrimp, Uncl",19720.20,57020.79,28.00,302.00,45,52,46,
2003,"Shrimp, White",1100128.42,2211870.75,168.00,3767.00,331,357,337,
2003,Snappers,269229.73,687026.82,48.00,1131.00,136,144,139,
2003,Southern Flounder,2198501.17,3661593.31,257.00,27514.00,1438,1708,1500,
2003,Spadefish,28519.00,3775.20,31.00,663.00,158,170,160,
2003,Spanish Mackerel,456784.12,418064.11,110.00,2485.00,335,369,341,
2003,Spot,2043386.74,910300.68,218.00,10996.00,1065,1203,1102,
2003,Spotted Seatrout,181462.01,243394.22,178.00,5963.00,817,935,851,
2003,Striped Bass,565919.22,717980.83,86.00,11455.00,771,894,833,
2003,Striped Mullet,1629313.66,779570.44,211.00,9616.00,920,1051,953,
2003,Summer Flounder,3572450.00,6009298.87,75.00,1797.00,269,281,274,
2003,Swordfish,630874.18,1799063.25,7.00,173.00,23,23,23,
2003,Thread Herring,***,***,1.00,3.00,1,1,1,*
2003,Tilefishes,87102.08,96556.18,27.00,431.00,46,51,47,
2003,Triggerfishes,117395.79,123680.62,54.00,1083.00,122,132,129,
2003,Tuna,941050.62,2007154.44,83.00,2672.00,442,476,456,
2003,Wahoo,17222.05,42379.72,52.00,306.00,144,148,152,
2003,Weakfish,848821.51,532904.39,161.00,8791.00,818,936,864,
2003,White Perch,498133.06,292689.50,86.00,8070.00,439,519,464,
2003,Yellow Perch,98782.75,98534.35,40.00,3491.00,259,298,273,
2004,Amberjacks,106506.85,63415.16,44.00,941.00,166,175,172,
2004,American Shad,270244.58,180304.23,87.00,3947.00,359,365,374,
2004,Bay Scallop,***,***,1.00,2.00,1,1,1,*
2004,Blue Crab,34130608.16,24465842.84,326.00,80828.00,1489,1737,1587,
2004,Blue Runner,720.00,279.53,13.00,65.00,37,36,37,
2004,Bluefish,3762944.08,849302.38,157.00,8031.00,749,819,769,
2004,Catfishes,414694.19,100506.69,91.00,7995.00,467,524,498,
2004,Croaker,11993002.65,3527982.73,159.00,7878.00,826,916,856,
2004,Dolphinfish,255805.37,452589.51,67.00,1116.00,291,312,309,
2004,Eels,132571.00,272409.07,43.00,506.00,93,101,97,
2004,"Finfish, Other",851908.18,408006.20,256.00,15180.00,1286,1407,1354,
2004,Gizzard Shad,96060.00,2408.83,11.00,990.00,66,64,73,
2004,Groupers,584915.95,1391451.50,57.00,2039.00,196,215,208,
2004,Hard Clams,542935.48,3357123.71,87.00,30429.00,1067,754,1118,
2004,Hickory Shad,187462.50,32328.81,71.00,2325.00,313,324,327,
2004,Hog Snapper,8902.41,18811.00,22.00,218.00,52,59,58,
2004,King Mackerel,955002.01,1572583.46,85.00,3227.00,446,484,479,
2004,Kingfishes,567659.01,492452.49,156.00,6783.00,665,717,685,
2004,Menhaden,50577982.58,4532534.29,96.00,3271.00,334,362,354,
2004,Monkfish/Goosefish,386821.00,372198.08,31.00,597.00,160,161,168,
2004,Oyster,367961.24,1551870.18,134.00,11889.00,725,608,743,
2004,Porgies,37268.47,42253.04,43.00,1077.00,131,148,140,
2004,Red Drum,54086.45,69753.40,134.00,3543.00,513,563,534,
2004,River Herring,188540.75,80693.67,34.00,1503.00,136,148,144,
2004,Scup,523554.00,332018.69,14.00,84.00,36,37,37,
2004,Sea bass,881359.84,1486299.82,75.00,2216.00,285,308,299,
2004,Sharks,1079817.00,583701.41,36.00,828.00,151,153,154,
2004,"Sharks, Dogfishes",1146272.70,185934.97,26.00,809.00,122,119,124,
2004,"Shellfish, Other",2803192.76,1962919.53,119.00,5676.00,550,505,567,
2004,"Shrimp, Brown",2749009.16,5301306.97,202.00,5804.00,476,495,494,
2004,"Shrimp, Pink",143953.90,308718.42,71.00,1398.00,165,173,169,
2004,"Shrimp, Uncl",64392.95,157620.08,29.00,319.00,47,50,48,
2004,"Shrimp, White",1923459.53,3695206.44,188.00,4894.00,385,405,394,
2004,Snappers,339452.85,873298.68,49.00,1202.00,158,175,166,
2004,Southern Flounder,2454584.73,3880417.84,259.00,27072.00,1361,1569,1432,
2004,Spadefish,44521.00,10284.08,42.00,1146.00,179,193,183,
2004,Spanish Mackerel,456242.45,526015.01,100.00,2189.00,297,314,304,
2004,Spot,2317169.10,1068030.84,230.00,10573.00,1044,1157,1074,
2004,Spotted Seatrout,130961.16,172032.99,173.00,5736.00,713,783,739,
2004,Striped Bass,911398.80,1160540.45,88.00,9347.00,846,891,915,
2004,Striped Mullet,1598616.66,721854.87,207.00,7829.00,796,884,823,
2004,Summer Flounder,4844117.82,7619927.04,86.00,1948.00,296,299,305,
2004,Swordfish,604095.17,1508280.69,7.00,182.00,22,22,23,
2004,Tilefishes,78126.15,134694.51,21.00,346.00,43,47,46,
2004,Triggerfishes,136211.20,147095.57,52.00,1268.00,156,167,164,
2004,Tuna,1436789.36,3331817.25,75.00,3257.00,578,607,593,
2004,Wahoo,22006.41,50026.33,46.00,337.00,152,158,160,
2004,Weakfish,685462.94,488894.37,177.00,8554.00,792,882,820,
2004,White Perch,218066.85,122660.89,69.00,5049.00,362,405,384,
2004,Yellow Perch,39785.00,37975.67,34.00,1896.00,181,201,192,
2005,Amberjacks,122360.68,72799.94,39.00,949.00,147,161,157,
2005,American Shad,189462.30,203334.05,73.00,3791.00,328,341,351,
2005,Blue Crab,25430118.90,20273912.63,286.00,64029.00,1216,1442,1305,
2005,Blue Runner,1302.00,680.44,10.00,134.00,42,42,43,
2005,Bluefish,2837661.33,790316.00,156.00,8376.00,784,876,807,
2005,Catfishes,401515.50,91165.43,92.00,7480.00,486,539,524,
2005,Croaker,11903291.77,3408527.50,135.00,6510.00,682,747,710,
2005,Dolphinfish,139761.40,258624.54,57.00,877.00,233,250,249,
2005,Eels,51068.00,107316.74,31.00,342.00,64,69,67,
2005,"Finfish, Other",715487.94,351958.57,220.00,13913.00,1160,1286,1222,
2005,Gizzard Shad,82963.00,4148.15,18.00,893.00,92,94,102,
2005,Groupers,579271.19,1474123.94,51.00,2025.00,186,203,196,
2005,Hard Clams,412995.44,2777956.92,84.00,23519.00,899,690,917,
2005,Hickory Shad,173926.96,39695.19,63.00,2302.00,299,308,320,
2005,Hog Snapper,7877.38,18127.02,20.00,247.00,51,55,55,
2005,King Mackerel,1246088.50,2053691.93,73.00,3741.00,448,476,478,
2005,Kingfishes,296262.69,271730.86,140.00,5082.00,576,627,583,
2005,Menhaden,13387422.88,1223195.49,92.00,3976.00,392,430,419,
2005,Monkfish/Goosefish,90099.00,86084.19,27.00,367.00,103,107,108,
2005,Oyster,378014.43,1682645.56,125.00,12111.00,726,628,749,
2005,Porgies,38422.62,41619.23,41.00,1132.00,151,164,156,
2005,Red Drum,128769.73,173040.21,147.00,8307.00,696,797,715,
2005,River Herring,250020.50,128834.25,27.00,1792.00,144,154,159,
2005,Scup,352422.00,156919.52,17.00,103.00,49,51,51,
2005,Sea bass,690424.47,1332624.40,64.00,1886.00,266,290,276,
2005,Sharks,1175543.60,610085.89,33.00,906.00,117,120,120,
2005,"Sharks, Dogfishes",666442.50,187147.59,19.00,662.00,88,94,92,
2005,"Shellfish, Other",1616783.62,848900.08,109.00,4426.00,450,446,465,
2005,"Shrimp, Brown",1523028.35,2559206.18,175.00,4063.00,344,368,351,
2005,"Shrimp, Pink",43489.25,99351.22,43.00,427.00,90,87,90,
2005,"Shrimp, Uncl",10829.61,28346.29,26.00,254.00,40,41,41,
2005,"Shrimp, White",780169.18,1722220.29,127.00,2122.00,203,213,209,
2005,Snappers,432829.22,1116055.55,42.00,1266.00,163,171,170,
2005,Southern Flounder,1870754.30,3462308.14,235.00,23374.00,1177,1359,1227,
2005,Spadefish,35444.50,9058.58,50.00,1008.00,186,206,190,
2005,Spanish Mackerel,446001.04,586845.26,105.00,2712.00,365,389,369,
2005,Spot,1714596.50,905071.87,202.00,9637.00,920,1036,942,
2005,Spotted Seatrout,129855.10,173867.49,162.00,5823.00,732,817,745,
2005,Striped Bass,864288.90,1673067.53,87.00,10877.00,1028,985,1139,
2005,Striped Mullet,1620393.52,801181.05,189.00,8041.00,819,922,857,
2005,Summer Flounder,4064464.07,7500273.41,73.00,1082.00,228,238,240,
2005,Swordfish,609199.91,1508597.72,8.00,210.00,25,25,25,
2005,Thread Herring,***,***,2.00,13.00,3,3,3,*
2005,Tilefishes,44013.76,52575.99,24.00,391.00,54,54,57,
2005,Triggerfishes,145635.75,162529.33,40.00,1080.00,132,144,140,
2005,Tuna,1282283.77,3328018.92,64.00,2624.00,474,494,491,
2005,Wahoo,14979.69,32814.04,41.00,248.00,134,141,143,
2005,Weakfish,421984.38,357271.06,141.00,7804.00,726,798,745,
2005,White Perch,178146.13,108854.91,71.00,4821.00,386,420,403,
2005,Yellow Perch,23253.50,28487.85,32.00,1180.00,155,160,159,
2006,Amberjacks,101721.55,65810.69,34.00,1028.00,159,170,166,
2006,American Shad,184710.15,200768.51,68.00,3641.00,263,272,282,
2006,Blue Crab,25343158.50,17087395.19,262.00,52886.00,1010,1163,1071,
2006,Blue Runner,992.00,552.91,7.00,97.00,26,27,26,
2006,Bluefish,2791187.39,815644.67,157.00,8778.00,733,812,759,
2006,Catfishes,429948.39,121287.54,78.00,8042.00,463,513,498,
2006,Croaker,10396553.66,3562501.75,130.00,5900.00,637,701,657,
2006,Dolphinfish,159451.64,307238.81,60.00,972.00,258,272,269,
2006,Eels,37098.00,72060.65,31.00,358.00,65,70,67,
2006,"Finfish, Other",888584.35,490001.28,231.00,18202.00,1331,1468,1394,
2006,Gizzard Shad,66808.00,2672.32,14.00,870.00,65,62,70,
2006,Groupers,708863.41,1905570.35,51.00,2227.00,212,235,221,
2006,Hard Clams,422292.80,2631372.69,93.00,24970.00,840,606,868,
2006,Hickory Shad,55011.80,10676.78,53.00,2062.00,257,251,270,
2006,Hog Snapper,7296.13,16717.37,22.00,221.00,56,60,58,
2006,King Mackerel,1185534.40,2120137.84,61.00,3913.00,448,487,481,
2006,Kingfishes,559440.42,550565.92,143.00,6613.00,653,719,677,
2006,Menhaden,962650.64,147779.43,88.00,4162.00,355,386,385,
2006,Monkfish/Goosefish,164952.90,176908.36,19.00,499.00,120,128,126,
2006,Oyster,447888.85,2234557.53,138.00,14326.00,789,666,810,
2006,Porgies,53070.56,61715.34,40.00,1206.00,156,168,163,
2006,Red Drum,169206.21,232818.46,149.00,9985.00,748,842,770,
2006,River Herring,109846.50,84275.92,27.00,1029.00,99,104,106,
2006,Scup,140062.00,96932.23,13.00,108.00,44,46,46,
2006,Sea bass,778227.63,1715621.14,58.00,2196.00,265,290,279,
2006,Sharks,835414.80,373881.49,38.00,924.00,116,123,121,
2006,"Sharks, Dogfishes",621820.50,180262.03,18.00,845.00,81,88,83,
2006,"Shellfish, Other",1150167.49,1320627.62,112.00,5261.00,467,473,482,
2006,"Shrimp, Brown",1944380.27,3331937.87,159.00,2907.00,310,316,318,
2006,"Shrimp, Pink",65231.75,135004.31,35.00,420.00,66,71,66,
2006,"Shrimp, Uncl",44508.36,104514.92,30.00,193.00,39,40,41,
2006,"Shrimp, White",3682528.63,5569977.72,180.00,4869.00,359,384,374,
2006,Snappers,345071.34,953291.50,39.00,1306.00,157,170,163,
2006,Southern Flounder,2287822.94,4850299.60,222.00,26202.00,1182,1369,1241,
2006,Spadefish,19622.50,6851.14,46.00,1144.00,203,221,206,
2006,Spanish Mackerel,470661.90,617689.19,99.00,2479.00,332,351,334,
2006,Spot,1364743.07,998047.16,199.00,8612.00,892,987,912,
2006,Spotted Seatrout,312623.97,410700.84,168.00,9640.00,875,973,900,
2006,Striped Bass,281736.20,680902.46,81.00,7962.00,614,655,667,
2006,Striped Mullet,1728607.37,977756.49,185.00,7819.00,794,894,826,
2006,Summer Flounder,3981413.45,8449646.49,77.00,1230.00,241,249,249,
2006,Swordfish,615876.61,1500494.67,6.00,258.00,20,22,22,
2006,Thread Herring,***,***,2.00,2.00,2,2,2,*
2006,Tilefishes,138089.97,186676.86,25.00,395.00,51,52,54,
2006,Triggerfishes,126354.40,146634.31,44.00,1158.00,146,158,150,
2006,Tuna,1991550.13,4070817.84,63.00,3192.00,438,458,450,
2006,Wahoo,16426.35,37879.15,40.00,260.00,135,138,139,
2006,Weakfish,363086.72,310706.61,142.00,7240.00,716,796,736,
2006,White Perch,156425.50,124299.26,63.00,4792.00,363,400,377,
2006,Yellow Perch,34599.00,34815.24,27.00,1223.00,131,145,139,
2007,Amberjacks,133518.92,93909.68,39.00,1477.00,239,254,245,
2007,American Shad,298597.48,279163.28,66.00,3689.00,280,283,297,
2007,Blue Crab,21424959.66,21431954.91,247.00,53833.00,952,1109,1007,
2007,Blue Runner,897.00,433.55,10.00,79.00,34,35,34,
2007,Bluefish,2329718.39,700706.90,159.00,9736.00,768,848,799,
2007,Catfishes,475216.74,129282.01,78.00,8905.00,490,535,520,
2007,Croaker,7271163.17,2714046.59,139.00,5948.00,691,750,711,
2007,Dolphinfish,369472.00,726111.48,62.00,1305.00,335,344,342,
2007,Eels,40308.79,75026.24,38.00,268.00,66,71,68,
2007,"Finfish, Other",924388.92,598787.20,232.00,20675.00,1439,1611,1511,
2007,Gizzard Shad,84997.50,2549.93,19.00,878.00,88,81,97,
2007,Groupers,827766.14,2394335.97,49.00,2890.00,268,288,274,
2007,Hard Clams,425333.39,2600657.71,87.00,27964.00,895,632,921,
2007,Hickory Shad,37189.00,8046.03,46.00,1769.00,233,237,241,
2007,Hog Snapper,7111.90,17072.30,17.00,209.00,60,61,62,
2007,King Mackerel,1059107.41,1967078.91,73.00,4540.00,547,601,585,
2007,Kingfishes,817587.74,795412.09,142.00,6892.00,662,747,691,
2007,Menhaden,1134208.25,139183.30,89.00,3059.00,316,344,338,
2007,Monkfish/Goosefish,153346.00,188123.73,20.00,433.00,113,118,119,
2007,Oyster,441415.27,2244625.85,130.00,15738.00,873,707,899,
2007,Porgies,86449.37,104244.49,42.00,1477.00,209,223,213,
2007,Red Drum,243657.92,354400.07,136.00,12431.00,806,901,836,
2007,River Herring,1103.00,855.93,5.00,22.00,10,9,10,
2007,Scup,66979.00,42756.44,12.00,67.00,38,39,39,
2007,Sea bass,474295.54,1195322.03,64.00,1841.00,304,329,317,
2007,Sharks,348716.70,170201.02,31.00,845.00,129,135,131,
2007,"Sharks, Dogfishes",788449.00,221378.98,21.00,988.00,111,116,113,
2007,"Shellfish, Other",630582.95,1908391.32,112.00,6092.00,535,518,556,
2007,"Shrimp, Brown",3110266.23,4896325.31,140.00,3003.00,310,331,325,
2007,"Shrimp, Pink",84167.95,148451.53,45.00,622.00,87,88,90,
2007,"Shrimp, Uncl",2912.75,16903.65,23.00,125.00,20,20,20,
2007,"Shrimp, White",6339882.85,12843654.01,192.00,6129.00,418,459,440,
2007,Snappers,550617.34,1601227.53,47.00,1691.00,214,231,220,
2007,Southern Flounder,2083042.81,4970880.87,229.00,28397.00,1248,1428,1321,
2007,Spadefish,19566.60,6939.49,47.00,974.00,182,190,185,
2007,Spanish Mackerel,487879.09,731075.74,100.00,2755.00,401,424,408,
2007,Spot,879090.58,612679.42,178.00,7600.00,813,905,837,
2007,Spotted Seatrout,374722.30,524465.32,173.00,11092.00,859,978,887,
2007,Striped Bass,576156.50,1238522.59,74.00,8240.00,812,716,889,
2007,Striped Mullet,1668804.47,721170.65,184.00,9155.00,817,916,849,
2007,Summer Flounder,2670109.78,6363870.45,82.00,1283.00,245,262,260,
2007,Swordfish,645396.48,1769054.39,7.00,292.00,27,26,26,
2007,Tilefishes,58217.63,87888.00,23.00,417.00,55,58,56,
2007,Triggerfishes,155260.76,186141.49,52.00,1415.00,198,208,201,
2007,Tuna,1852257.00,4066942.26,62.00,3322.00,430,458,439,
2007,Wahoo,24306.13,55643.98,46.00,385.00,173,176,180,
2007,Weakfish,175593.02,149205.59,138.00,6092.00,703,771,727,
2007,White Perch,174494.00,130426.32,70.00,4907.00,387,409,404,
2007,Yellow Perch,45697.75,58011.52,27.00,1427.00,142,144,148,
2008,Amberjacks,160768.68,110236.03,43.00,1554.00,248,265,256,
2008,American Shad,118855.47,168651.50,58.00,2344.00,235,237,246,
2008,Blue Crab,32916691.33,27555385.92,241.00,52654.00,913,1098,976,
2008,Blue Runner,1445.00,1258.44,11.00,147.00,40,42,40,
2008,Bluefish,1930391.44,707749.40,161.00,9300.00,831,910,860,
2008,Catfishes,361455.90,91751.97,80.00,7894.00,427,452,447,
2008,Croaker,5791769.24,3141878.22,124.00,6105.00,659,715,679,
2008,Dolphinfish,289548.35,573363.83,61.00,1127.00,283,294,293,
2008,Eels,26830.00,54520.63,30.00,226.00,56,60,56,
2008,"Finfish, Other",966579.82,625393.36,254.00,21003.00,1455,1610,1512,
2008,Gizzard Shad,58933.00,1767.99,11.00,479.00,42,42,47,
2008,Groupers,785554.95,2274335.02,55.00,2727.00,273,291,276,
2008,Hard Clams,382049.47,2355279.32,87.00,23126.00,776,557,797,
2008,Hickory Shad,66883.00,11688.83,54.00,2186.00,261,263,280,
2008,Hog Snapper,13034.64,34731.00,20.00,266.00,58,59,59,
2008,King Mackerel,1036852.11,1631664.66,63.00,3412.00,458,478,482,
2008,Kingfishes,921120.08,815148.88,151.00,7233.00,760,834,796,
2008,Menhaden,645230.62,70338.55,83.00,1896.00,310,322,317,
2008,Monkfish/Goosefish,109102.00,127687.66,19.00,376.00,106,111,110,
2008,Oyster,466176.38,2039175.14,151.00,16295.00,874,713,898,
2008,Porgies,105873.34,134118.55,48.00,1521.00,213,225,217,
2008,Red Drum,229808.63,352426.35,145.00,12002.00,827,899,870,
2008,River Herring,1292.00,775.20,8.00,25.00,9,11,9,
2008,Scup,205868.00,164203.75,11.00,90.00,36,39,39,
2008,Sea bass,484888.90,1155766.88,64.00,1784.00,294,314,303,
2008,Sharks,468869.00,210847.86,32.00,893.00,120,123,122,
2008,"Sharks, Dogfishes",985001.00,291577.31,19.00,932.00,117,117,120,
2008,"Shellfish, Other",399826.88,1212265.12,111.00,6878.00,574,555,592,
2008,"Shrimp, Brown",5502792.53,10742273.81,173.00,3261.00,396,421,430,
2008,"Shrimp, Pink",830488.32,1326887.40,67.00,1169.00,143,152,147,
2008,"Shrimp, Uncl",4693.82,38490.92,21.00,183.00,18,18,18,
2008,"Shrimp, White",3076443.81,7120068.83,166.00,4015.00,385,409,403,
2008,Snappers,602837.74,1784320.65,54.00,1874.00,223,238,228,
2008,Southern Flounder,2602273.95,5650054.04,236.00,28964.00,1235,1410,1306,
2008,Spadefish,11694.30,3292.84,43.00,894.00,188,194,189,
2008,Spanish Mackerel,415404.56,545300.08,102.00,2429.00,416,438,422,
2008,Spot,736483.79,454114.56,193.00,7095.00,821,899,848,
2008,Spotted Seatrout,304430.14,466588.48,185.00,10600.00,921,1026,956,
2008,Striped Bass,373444.68,822555.65,70.00,4394.00,636,606,702,
2008,Striped Mullet,1675858.66,672108.00,189.00,8343.00,833,908,857,
2008,Summer Flounder,2406719.16,5236241.48,76.00,998.00,224,234,233,
2008,Swordfish,444559.38,1133936.41,9.00,222.00,26,29,28,
2008,Tilefishes,404295.35,659212.59,29.00,533.00,72,72,71,
2008,Triggerfishes,198724.19,283027.76,49.00,1558.00,187,200,190,
2008,Tuna,1062409.63,3419058.90,56.00,2677.00,437,444,444,
2008,Wahoo,11643.45,27067.82,40.00,199.00,108,113,113,
2008,Weakfish,162516.13,142545.21,159.00,6404.00,756,823,777,
2008,White Perch,398307.49,318801.80,65.00,5153.00,357,388,367,
2008,Yellow Perch,43507.00,49763.28,32.00,1788.00,164,173,171,
2009,Amberjacks,153098.74,104982.48,51.00,1353.00,256,261,256,
2009,American Shad,167114.10,203681.26,58.00,2739.00,219,223,227,
2009,Bay Scallop,29002.76,124255.70,35.00,1094.00,208,165,208,
2009,Blue Crab,29707231.60,27428994.51,274.00,59313.00,990,1192,1061,
2009,Blue Runner,1417.00,985.21,11.00,126.00,30,30,30,
2009,Bluefish,2360081.29,782597.61,167.00,9175.00,834,917,862,
2009,Catfishes,412122.23,77709.14,78.00,9295.00,487,536,505,
2009,Croaker,6135451.95,3003867.80,141.00,7189.00,757,834,779,
2009,Dolphinfish,611961.91,1030145.47,69.00,1432.00,320,329,327,
2009,Eels,68312.69,155629.39,37.00,333.00,77,80,77,
2009,"Finfish, Other",856363.36,681059.97,252.00,21757.00,1435,1594,1488,
2009,Gizzard Shad,73232.00,2196.96,10.00,569.00,38,38,43,
2009,Groupers,637446.75,1878700.56,58.00,2474.00,243,258,246,
2009,Hard Clams,350669.03,2036792.66,91.00,21479.00,738,523,770,
2009,Hickory Shad,86972.70,23039.88,49.00,1929.00,238,241,244,
2009,Hog Snapper,10838.59,28475.51,16.00,194.00,49,50,51,
2009,King Mackerel,777585.28,1500111.70,74.00,3267.00,486,508,500,
2009,Kingfishes,721925.88,789002.33,156.00,7199.00,751,828,784,
2009,Menhaden,2124733.59,229648.48,82.00,2062.00,297,313,306,
2009,Monkfish/Goosefish,99549.00,112354.25,17.00,359.00,104,112,111,
2009,Oyster,573629.67,2655463.49,158.00,17233.00,953,800,995,
2009,Porgies,91922.49,112137.74,42.00,1218.00,168,173,171,
2009,Red Drum,200295.74,325624.73,128.00,11646.00,802,883,832,
2009,River Herring,643.00,835.90,7.00,27.00,14,13,14,
2009,Scup,244337.00,100955.79,12.00,55.00,27,28,28,
2009,Sea bass,615163.88,1401479.41,64.00,1941.00,274,296,281,
2009,Sharks,447404.60,238806.21,26.00,862.00,114,116,116,
2009,"Sharks, Dogfishes",2637511.95,593955.15,23.00,1505.00,190,195,191,
2009,"Shellfish, Other",564834.12,2439164.93,116.00,6626.00,594,574,619,
2009,"Shrimp, Brown",3804694.07,5742974.92,200.00,4243.00,373,404,394,
2009,"Shrimp, Pink",250213.25,365474.98,59.00,773.00,142,152,145,
2009,"Shrimp, Uncl",5239.70,29083.71,20.00,264.00,23,23,23,
2009,"Shrimp, White",1347561.20,2390180.63,172.00,3026.00,311,325,321,
2009,Snappers,374080.63,1072841.45,53.00,1469.00,190,196,192,
2009,Southern Flounder,2396240.38,4609931.91,247.00,29395.00,1300,1464,1352,
2009,Spadefish,20636.00,6519.67,43.00,1125.00,185,203,188,
2009,Spanish Mackerel,961811.07,929748.18,131.00,4028.00,555,600,565,
2009,Spot,1006499.99,601843.86,213.00,8888.00,948,1064,968,
2009,Spotted Seatrout,320246.78,528985.07,179.00,11889.00,966,1086,1001,
2009,Striped Bass,310603.55,747308.39,52.00,4784.00,484,495,517,
2009,Striped Mullet,1685614.91,715265.49,190.00,8423.00,870,963,889,
2009,Summer Flounder,2859039.49,5513798.73,80.00,1184.00,239,249,253,
2009,Swordfish,502883.94,1319917.42,8.00,221.00,21,23,22,
2009,Tilefishes,469293.21,735188.71,26.00,582.00,77,78,76,
2009,Triggerfishes,215757.26,303577.49,55.00,1615.00,217,229,219,
2009,Tuna,1048741.33,2946306.53,67.00,2832.00,462,477,471,
2009,Wahoo,16396.57,39022.15,42.00,229.00,115,116,117,
2009,Weakfish,163147.50,163212.78,133.00,4718.00,675,731,691,
2009,White Perch,376820.12,303970.56,52.00,5188.00,370,410,376,
2009,Yellow Perch,66949.00,68153.33,26.00,2341.00,189,204,189,
2010,Amberjacks,128466.14,95442.17,43.00,905.00,141,143,148,
2010,American Shad,232326.22,189689.52,56.00,3568.00,296,291,310,
2010,Bay Scallop,***,***,2.00,5.00,3,2,3,*
2010,Blue Crab,30683010.90,26543791.04,280.00,54977.00,984,1177,1058,
2010,Blue Runner,681.00,532.64,10.00,31.00,20,20,20,
2010,Bluefish,3216030.24,1129690.65,148.00,8104.00,677,741,700,
2010,Catfishes,354892.45,64316.28,67.00,7194.00,448,473,471,
2010,Croaker,7312159.48,3409671.13,136.00,7274.00,752,815,777,
2010,Dolphinfish,239551.26,492269.89,59.00,987.00,241,248,249,
2010,Eels,127795.00,352660.59,28.00,406.00,75,79,74,
2010,"Finfish, Other",790769.35,616542.24,244.00,16165.00,1267,1380,1327,
2010,Gizzard Shad,87340.40,43670.20,13.00,802.00,92,80,98,
2010,Groupers,561925.71,1730541.51,45.00,1808.00,148,152,154,
2010,Hard Clams,354960.74,2581032.75,96.00,20874.00,698,484,728,
2010,Hickory Shad,108351.50,20982.97,51.00,2045.00,286,283,293,
2010,Hog Snapper,13046.38,37896.61,15.00,168.00,39,38,42,
2010,King Mackerel,328806.40,643860.83,48.00,1615.00,300,308,314,
2010,Kingfishes,886840.98,958376.96,145.00,6134.00,653,713,674,
2010,Menhaden,1299149.89,111553.98,71.00,1632.00,261,280,270,
2010,Monkfish/Goosefish,47305.00,60322.11,18.00,240.00,88,91,91,
2010,Oyster,1040406.90,5045126.87,174.00,24612.00,1181,1009,1229,
2010,Porgies,80105.10,105845.56,38.00,1065.00,120,122,126,
2010,Red Drum,231827.74,421780.95,129.00,8884.00,678,749,701,
2010,River Herring,1765.00,1765.00,8.00,41.00,16,17,18,
2010,Scup,102853.00,51423.79,12.00,63.00,38,41,41,
2010,Sea bass,401488.74,947900.13,54.00,1124.00,198,203,206,
2010,Sharks,629421.42,325079.66,23.00,925.00,117,118,117,
2010,"Sharks, Dogfishes",3323280.04,760260.40,19.00,1579.00,174,186,179,
2010,"Shellfish, Other",1470126.79,1633109.63,128.00,5966.00,522,502,544,
2010,"Shrimp, Brown",4233181.42,7291146.31,186.00,3977.00,396,429,416,
2010,"Shrimp, Pink",52657.30,107759.40,40.00,503.00,66,72,67,
2010,"Shrimp, Uncl",10814.88,39978.77,28.00,307.00,29,28,29,
2010,"Shrimp, White",1658681.11,3252514.78,176.00,3477.00,299,319,313,
2010,Snappers,320260.00,955643.45,34.00,661.00,107,106,111,
2010,Southern Flounder,1689557.43,3695888.65,223.00,20408.00,1182,1329,1234,
2010,Spadefish,18826.80,6115.59,34.00,485.00,122,124,123,
2010,Spanish Mackerel,911866.30,1026562.19,107.00,3606.00,408,431,417,
2010,Spot,572315.12,384386.45,176.00,4773.00,652,711,667,
2010,Spotted Seatrout,202647.32,354076.86,150.00,6540.00,726,809,747,
2010,Striped Bass,500152.47,1221524.00,56.00,7199.00,492,498,529,
2010,Striped Mullet,2082832.18,1002467.63,190.00,9953.00,896,990,930,
2010,Summer Flounder,3310991.85,7212190.81,78.00,1015.00,224,226,232,
2010,Swordfish,629933.26,1897151.43,8.00,232.00,23,23,23,
2010,Tilefishes,430393.64,817387.80,24.00,546.00,69,67,68,
2010,Triggerfishes,225682.18,349178.65,45.00,1193.00,142,141,145,
2010,Tuna,719701.96,1509787.26,57.00,2031.00,312,319,315,
2010,Wahoo,12625.97,30328.77,33.00,160.00,86,87,86,
2010,Weakfish,106328.01,105293.11,107.00,4776.00,534,575,545,
2010,White Perch,200501.24,162387.61,55.00,4150.00,351,360,365,
2010,Yellow Perch,57027.00,68575.66,29.00,1989.00,172,168,177,
2011,Amberjacks,72797.49,62821.84,32.00,695.00,92,92,95,
2011,American Shad,203754.98,182619.13,55.00,2889.00,234,236,240,
2011,Blue Crab,30035391.95,21282264.16,266.00,52406.00,925,1114,992,
2011,Blue Runner,356.00,199.11,10.00,46.00,23,25,23,
2011,Bluefish,1897471.17,848355.38,144.00,8444.00,699,775,717,
2011,Catfishes,444444.68,85039.23,77.00,5745.00,384,400,401,
2011,Croaker,5054185.54,3164033.77,119.00,4838.00,549,602,562,
2011,Dolphinfish,94210.43,244751.91,54.00,861.00,194,204,200,
2011,Eels,63229.00,124380.01,29.00,223.00,69,74,72,
2011,"Finfish, Other",716997.37,560685.94,228.00,15576.00,1193,1293,1236,
2011,Gizzard Shad,101025.00,5051.25,12.00,866.00,75,68,80,
2011,Groupers,408507.19,1462988.92,38.00,1394.00,102,105,104,
2011,Hard Clams,295466.46,1896626.92,101.00,17597.00,565,419,595,
2011,Hickory Shad,85226.00,23631.91,46.00,1692.00,232,233,234,
2011,Hog Snapper,10792.56,37687.91,14.00,132.00,27,28,28,
2011,King Mackerel,408161.51,1062081.35,49.00,1416.00,245,252,258,
2011,Kingfishes,486852.76,520412.85,138.00,5028.00,608,657,623,
2011,Menhaden,3530003.06,336530.84,71.00,1905.00,294,312,300,
2011,Monkfish/Goosefish,38892.00,48701.61,19.00,234.00,76,81,80,
2011,Oyster,800543.17,4486741.19,178.00,22641.00,1115,932,1156,
2011,Porgies,89611.84,133026.69,31.00,992.00,92,96,95,
2011,Red Drum,91979.74,166966.03,127.00,5187.00,550,595,561,
2011,River Herring,1611.00,1611.00,8.00,30.00,16,14,18,
2011,Scup,308907.00,126874.54,12.00,81.00,45,48,47,
2011,Sea bass,272280.42,627824.98,44.00,588.00,158,166,165,
2011,Sharks,584238.20,327801.84,28.00,956.00,128,131,129,
2011,"Sharks, Dogfishes",3799174.50,784925.17,23.00,1819.00,208,213,213,
2011,"Shellfish, Other",1491159.50,1354122.76,136.00,6305.00,547,531,567,
2011,"Shrimp, Brown",4337643.21,8683029.67,176.00,3892.00,353,372,367,
2011,"Shrimp, Pink",2294.60,3490.31,6.00,43.00,8,8,8,
2011,"Shrimp, Uncl",104222.09,312256.76,30.00,312.00,28,27,28,
2011,"Shrimp, White",696200.18,1887018.52,103.00,1339.00,147,146,150,
2011,Snappers,326371.21,1004699.70,32.00,654.00,79,82,83,
2011,Southern Flounder,1247449.61,2753127.72,217.00,15810.00,1040,1141,1064,
2011,Spadefish,21534.58,6838.56,35.00,624.00,138,144,140,
2011,Spanish Mackerel,871216.54,1188153.82,95.00,3610.00,336,357,339,
2011,Spot,936969.58,728474.94,186.00,5502.00,679,751,693,
2011,Spotted Seatrout,75239.47,144596.36,140.00,4402.00,673,728,687,
2011,Striped Bass,410685.37,1164426.33,48.00,5569.00,494,489,526,
2011,Striped Mullet,1627893.71,1015851.86,181.00,7578.00,827,903,847,
2011,Summer Flounder,2854121.65,6136613.83,70.00,658.00,184,193,194,
2011,Swordfish,803725.37,2617201.30,8.00,267.00,29,31,30,
2011,Thread Herring,18303.00,3735.17,4.00,28.00,5,5,5,
2011,Tilefishes,133823.58,314599.99,25.00,258.00,55,56,57,
2011,Triggerfishes,220204.28,411373.47,37.00,955.00,97,99,99,
2011,Tuna,1071503.99,2464616.59,56.00,1948.00,278,296,281,
2011,Wahoo,15869.98,44684.60,42.00,194.00,108,109,109,
2011,Weakfish,65998.11,78658.76,90.00,3986.00,460,497,467,
2011,White Perch,245635.85,223247.80,55.00,3653.00,325,339,333,
2011,Yellow Perch,27837.75,38554.02,24.00,1490.00,172,177,175,
2012,Amberjacks,124325.40,104212.61,37.00,659.00,100,98,106,
2012,American Shad,235794.85,257681.23,55.00,3252.00,250,243,255,
2012,Blue Crab,26785668.68,22806937.64,259.00,52697.00,894,1078,964,
2012,Blue Runner,3112.00,2562.61,12.00,121.00,30,28,30,
2012,Bluefish,758857.85,349287.56,142.00,8215.00,676,741,696,
2012,Catfishes,489491.55,116379.44,72.00,7134.00,416,429,434,
2012,Croaker,3106615.58,2135458.44,130.00,5316.00,626,674,640,
2012,Dolphinfish,249020.28,756346.16,57.00,964.00,190,194,198,
2012,Eels,68075.10,161943.76,27.00,319.00,65,65,66,
2012,"Finfish, Other",889252.38,791650.16,245.00,20311.00,1336,1506,1399,
2012,Gizzard Shad,123813.00,4333.46,11.00,1074.00,86,83,88,
2012,Groupers,382084.75,1421867.05,43.00,1317.00,106,105,111,
2012,Hard Clams,396428.74,2091066.69,102.00,16793.00,489,394,519,
2012,Hickory Shad,65689.00,22402.09,48.00,2204.00,255,263,258,
2012,Hog Snapper,8255.50,28738.40,14.00,126.00,25,27,27,
2012,King Mackerel,297423.35,831296.95,54.00,1407.00,245,243,262,
2012,Kingfishes,596248.97,645606.67,137.00,6843.00,678,738,694,
2012,Menhaden,538791.72,82975.56,83.00,2166.00,309,332,313,
2012,Monkfish/Goosefish,21649.00,25286.03,18.00,247.00,84,86,84,
2012,Oyster,440062.75,2572072.68,178.00,16534.00,961,761,993,
2012,Porgies,81532.16,129797.95,33.00,881.00,92,90,97,
2012,Red Drum,66518.65,138833.43,130.00,4273.00,576,627,587,
2012,River Herring,678.00,678.00,5.00,18.00,10,8,11,
2012,Scup,3954.00,2767.92,7.00,13.00,11,11,11,
2012,Sea bass,256007.35,687905.00,47.00,840.00,131,133,136,
2012,Sharks,701875.90,376147.12,35.00,1529.00,171,175,171,
2012,"Sharks, Dogfishes",3709214.70,1020810.86,26.00,1852.00,225,235,230,
2012,"Shellfish, Other",192960.84,751091.33,135.00,8000.00,615,616,633,
2012,"Shrimp, Brown",3599107.63,7721354.96,171.00,3868.00,384,414,405,
2012,"Shrimp, Pink",774967.65,1619499.90,69.00,1489.00,183,194,188,
2012,"Shrimp, Uncl",16365.59,78690.48,28.00,338.00,28,27,28,
2012,"Shrimp, White",1751039.00,3913604.36,161.00,3772.00,306,327,319,
2012,Snappers,279367.80,899624.28,31.00,641.00,81,78,83,
2012,Southern Flounder,1646137.28,4451482.14,249.00,20926.00,1202,1333,1244,
2012,Spadefish,24238.05,9042.90,49.00,1062.00,189,195,191,
2012,Spanish Mackerel,916438.89,1374647.96,107.00,3703.00,361,394,374,
2012,Spot,489677.77,465751.63,158.00,4115.00,598,657,616,
2012,Spotted Seatrout,265015.72,522129.58,172.00,9459.00,945,1056,983,
2012,Striped Bass,144555.25,368515.69,34.00,4207.00,329,315,337,
2012,Striped Mullet,1859586.92,1041658.53,192.00,8433.00,890,967,917,
2012,Summer Flounder,1090217.80,2969370.03,73.00,636.00,185,190,186,
2012,Swordfish,903178.40,3009107.41,10.00,303.00,28,28,28,
2012,Thread Herring,***,***,2.00,70.00,3,3,3,*
2012,Tilefishes,361093.69,753965.62,24.00,418.00,73,69,72,
2012,Triggerfishes,143113.91,278968.01,39.00,822.00,102,99,105,
2012,Tuna,1493529.90,4413829.47,67.00,2852.00,360,372,366,
2012,Wahoo,23521.36,73997.72,42.00,281.00,108,110,110,
2012,Weakfish,91383.89,111461.93,112.00,5487.00,582,638,592,
2012,White Perch,189448.25,150939.91,56.00,4060.00,356,369,364,
2012,Yellow Perch,20511.00,23445.88,26.00,1359.00,166,172,169,
2013,Amberjacks,90122.18,89875.57,34.00,616.00,95,97,101,
2013,American Shad,257347.97,306884.62,54.00,2984.00,226,225,235,
2013,Bay Scallop,1336.69,9506.27,10.00,41.00,23,22,23,
2013,Blue Crab,22202622.62,30006447.34,243.00,52631.00,863,1055,932,
2013,Blue Runner,2783.50,1815.90,8.00,121.00,25,25,25,
2013,Bluefish,1159579.95,564377.26,146.00,8282.00,742,793,760,
2013,Catfishes,548912.85,92496.95,76.00,8565.00,462,491,482,
2013,Croaker,1927937.82,1723577.54,128.00,5629.00,677,720,688,
2013,Dolphinfish,178035.08,529915.58,53.00,953.00,193,204,206,
2013,Eels,36739.50,89722.54,27.00,209.00,51,52,52,
2013,"Finfish, Other",1092238.73,1062559.12,244.00,21463.00,1458,1599,1521,
2013,Gizzard Shad,112295.00,4491.80,10.00,762.00,73,62,75,
2013,Groupers,311203.49,1247807.44,40.00,1313.00,104,108,109,
2013,Hard Clams,347072.80,2295365.56,107.00,16496.00,517,415,543,
2013,Hickory Shad,71771.50,29324.24,54.00,2829.00,305,303,309,
2013,Hog Snapper,7847.38,30640.20,11.00,112.00,21,24,25,
2013,King Mackerel,345176.52,877496.83,52.00,1382.00,230,240,246,
2013,Kingfishes,605953.35,671540.30,142.00,8122.00,742,801,766,
2013,Menhaden,454206.17,73494.04,81.00,2534.00,359,382,364,
2013,Monkfish/Goosefish,10566.00,9052.66,16.00,107.00,56,60,58,
2013,Oyster,586624.55,3353126.21,183.00,18576.00,908,747,964,
2013,Porgies,70941.79,115758.43,31.00,857.00,86,88,92,
2013,Red Drum,371948.90,715685.21,160.00,15872.00,977,1065,1011,
2013,River Herring,743.00,743.00,6.00,19.00,12,11,12,
2013,Scup,28691.00,13323.43,11.00,41.00,26,28,28,
2013,Sea bass,329690.72,868810.74,45.00,1204.00,132,139,142,
2013,Sharks,553665.00,282317.85,31.00,1118.00,149,153,149,
2013,"Sharks, Dogfishes",3794011.10,646429.88,21.00,1517.00,146,158,148,
2013,"Shellfish, Other",197993.17,674961.55,131.00,8784.00,639,658,662,
2013,"Shrimp, Brown",2298916.55,6026569.59,145.00,3415.00,347,363,359,
2013,"Shrimp, Pink",231302.35,484437.68,44.00,821.00,110,118,112,
2013,"Shrimp, Uncl",13466.56,99513.72,21.00,351.00,23,20,22,
2013,"Shrimp, White",2341235.18,6415172.80,158.00,4809.00,354,391,364,
2013,Snappers,276532.74,917987.40,33.00,724.00,76,80,82,
2013,Southern Flounder,2186579.25,5673631.54,245.00,23585.00,1286,1439,1333,
2013,Spadefish,20368.50,9245.53,45.00,844.00,193,199,195,
2013,Spanish Mackerel,620752.03,1015964.91,99.00,2846.00,340,359,344,
2013,Spot,768942.68,690350.35,178.00,7393.00,827,899,848,
2013,Spotted Seatrout,367648.08,818158.61,176.00,15302.00,1093,1229,1134,
2013,Striped Bass,96934.80,303486.29,46.00,3648.00,350,348,359,
2013,Striped Mullet,1549156.57,1402914.14,196.00,9802.00,971,1063,1007,
2013,Summer Flounder,541700.07,1386709.76,69.00,741.00,189,196,193,
2013,Swordfish,1058089.04,2935939.63,11.00,371.00,33,33,33,
2013,Thread Herring,33913.00,7701.08,4.00,26.00,5,5,5,
2013,Tilefishes,217078.96,522652.49,27.00,400.00,70,69,75,
2013,Triggerfishes,160861.30,342228.42,40.00,562.00,104,106,108,
2013,Tuna,1295062.01,3226483.40,61.00,2774.00,347,361,354,
2013,Wahoo,23379.79,75576.94,45.00,271.00,128,128,131,
2013,Weakfish,120191.23,150729.72,109.00,7119.00,697,754,712,
2013,White Perch,275652.25,255633.19,59.00,4983.00,375,400,384,
2013,Yellow Perch,31480.50,40545.76,25.00,1946.00,170,183,169,
2014,Amberjacks,192994.02,198867.74,33.00,807.00,94,96,101,
2014,American Shad,191301.72,159657.04,59.00,1594.00,209,201,212,
2014,Blue Crab,26231112.13,34027520.06,269.00,56220.00,923,1124,996,
2014,Blue Runner,1493.00,1052.08,11.00,136.00,52,50,53,
2014,Bluefish,2019279.12,889710.39,140.00,7672.00,682,754,698,
2014,Catfishes,521539.70,158480.37,75.00,6404.00,405,428,420,
2014,Croaker,2629908.27,1865595.18,131.00,6346.00,685,754,699,
2014,Dolphinfish,422496.20,1237457.83,54.00,911.00,185,194,199,
2014,Eels,61407.50,165055.51,26.00,211.00,57,63,57,
2014,"Finfish, Other",932136.14,973024.78,224.00,15487.00,1251,1368,1294,
2014,Gizzard Shad,114999.00,5749.95,11.00,476.00,55,50,57,
2014,Groupers,300002.25,1266273.62,37.00,1352.00,108,113,113,
2014,Hard Clams,430815.74,2866095.54,99.00,19644.00,607,477,634,
2014,Hickory Shad,110280.00,27574.90,43.00,1796.00,206,205,208,
2014,Hog Snapper,9766.88,37919.89,15.00,127.00,29,33,32,
2014,King Mackerel,549980.80,1203503.25,47.00,1840.00,202,216,218,
2014,Kingfishes,955087.12,1007513.09,142.00,7294.00,684,764,705,
2014,Menhaden,917904.97,145658.94,84.00,3195.00,359,377,364,
2014,Monkfish/Goosefish,76392.00,85363.56,17.00,290.00,97,102,103,
2014,Oyster,727775.18,4544236.47,171.00,20520.00,970,800,1024,
2014,Porgies,78265.13,142546.33,36.00,848.00,96,101,102,
2014,Red Drum,90649.71,208294.54,107.00,3924.00,554,570,569,
2014,River Herring,1139.00,1518.67,4.00,13.00,6,5,7,
2014,Scup,160508.00,110203.35,14.00,86.00,45,49,49,
2014,Sea bass,529074.88,1413707.84,48.00,1720.00,180,189,190,
2014,Sharks,1005857.70,473375.20,23.00,1219.00,126,128,127,
2014,"Sharks, Dogfishes",6149188.70,780377.62,24.00,1718.00,143,156,146,
2014,"Shellfish, Other",438607.26,1493871.47,132.00,8214.00,688,679,716,
2014,"Shrimp, Brown",3354809.06,10326997.23,131.00,3435.00,349,378,367,
2014,"Shrimp, Pink",111882.20,282863.85,40.00,741.00,90,96,90,
2014,"Shrimp, Uncl",5389.58,52530.25,21.00,239.00,16,18,16,
2014,"Shrimp, White",1218851.98,3483015.38,120.00,2423.00,262,283,271,
2014,Snappers,251087.15,864618.25,35.00,748.00,88,90,92,
2014,Southern Flounder,1673511.14,4839671.98,226.00,18121.00,1222,1321,1266,
2014,Spadefish,22761.10,10651.83,39.00,609.00,134,142,135,
2014,Spanish Mackerel,673973.89,1230409.75,89.00,3108.00,357,390,361,
2014,Spot,766224.09,619643.38,177.00,7590.00,787,859,804,
2014,Spotted Seatrout,242244.80,579343.01,145.00,7223.00,849,905,871,
2014,Striped Bass,96233.41,283241.23,46.00,3660.00,331,325,347,
2014,Striped Mullet,1828350.68,1112465.21,179.00,8368.00,864,925,893,
2014,Summer Flounder,2911749.73,8225281.50,69.00,777.00,217,222,226,
2014,Swordfish,694910.67,2109549.23,10.00,283.00,31,30,31,
2014,Thread Herring,34909.00,7908.23,3.00,66.00,5,5,5,
2014,Tilefishes,91073.59,238807.95,25.00,324.00,67,69,73,
2014,Triggerfishes,116781.60,262199.44,24.00,325.00,57,58,61,
2014,Tuna,1662737.01,3647435.60,58.00,3207.00,344,370,355,
2014,Wahoo,22782.95,71829.47,37.00,221.00,95,99,97,
2014,Weakfish,105247.05,140573.71,98.00,5885.00,582,637,590,
2014,White Perch,172485.50,148697.92,48.00,3937.00,319,334,330,
2014,Yellow Perch,67454.00,82336.35,24.00,1973.00,169,181,174,
2015,Amberjacks,146544.08,162064.08,34.00,688.00,84,87,91,
2015,American Shad,95926.35,91619.48,52.00,1510.00,200,189,207,
2015,Blue Crab,32099632.96,33927970.32,252.00,57524.00,923,1154,994,
2015,Blue Runner,3176.70,2081.19,16.00,276.00,57,59,58,
2015,Bluefish,804847.41,445591.35,113.00,6405.00,549,604,564,
2015,Catfishes,918085.40,262862.72,70.00,8186.00,448,487,472,
2015,Croaker,1819019.61,1646360.71,116.00,4398.00,557,583,564,
2015,Dolphinfish,320960.98,973324.46,40.00,572.00,160,172,165,
2015,Eels,58226.00,143048.10,22.00,156.00,41,44,41,
2015,"Finfish, Other",1032741.73,1101973.79,209.00,15893.00,1182,1305,1224,
2015,Gizzard Shad,97978.00,4898.90,14.00,842.00,91,79,92,
2015,Groupers,261158.88,1122236.09,35.00,1232.00,100,104,105,
2015,Hard Clams,415027.17,5038972.54,95.00,21393.00,650,456,691,
2015,Hickory Shad,149335.50,43118.95,51.00,1875.00,244,243,253,
2015,Hog Snapper,8238.00,33500.17,12.00,130.00,31,36,35,
2015,King Mackerel,391751.46,801670.51,41.00,1389.00,195,205,213,
2015,Kingfishes,784753.48,858531.49,131.00,6004.00,601,662,610,
2015,Menhaden,898321.50,152434.62,80.00,2673.00,309,325,317,
2015,Monkfish/Goosefish,112863.00,106080.87,14.00,203.00,88,94,92,
2015,Oyster,648444.31,3936571.91,162.00,17142.00,868,705,914,
2015,Porgies,51488.30,91281.88,29.00,723.00,85,88,90,
2015,Red Drum,80388.32,196131.49,114.00,4126.00,451,493,459,
2015,Scup,229696.00,130028.92,10.00,59.00,42,45,44,
2015,Sea bass,467953.38,1366822.18,47.00,1481.00,170,181,177,
2015,Sharks,795830.60,338282.52,26.00,1172.00,136,143,138,
2015,"Sharks, Dogfishes",4515642.00,630293.00,23.00,1180.00,124,133,124,
2015,"Shellfish, Other",388679.79,2574061.32,133.00,7913.00,690,660,717,
2015,"Shrimp, Brown",6314178.89,10528437.06,180.00,4861.00,420,477,446,
2015,"Shrimp, Pink",29139.50,58766.92,26.00,156.00,42,44,42,
2015,"Shrimp, Uncl",9487.69,79038.18,27.00,308.00,25,25,25,
2015,"Shrimp, White",2772320.33,6228724.77,149.00,3217.00,299,322,310,
2015,Snappers,232030.32,803987.56,31.00,664.00,80,81,85,
2015,Southern Flounder,1202952.12,3823787.95,207.00,13881.00,1032,1126,1069,
2015,Spadefish,15996.50,8177.10,36.00,607.00,118,121,121,
2015,Spanish Mackerel,561714.20,1034837.69,74.00,2966.00,305,325,309,
2015,Spot,377028.21,321913.55,154.00,4349.00,588,626,599,
2015,Spotted Seatrout,128767.82,318321.09,132.00,4833.00,626,682,638,
2015,Striped Bass,141823.92,450207.91,45.00,4852.00,337,341,361,
2015,Striped Mullet,1247128.56,804734.56,173.00,7339.00,751,823,777,
2015,Summer Flounder,2878743.42,9092495.08,65.00,724.00,208,217,211,
2015,Swordfish,593258.40,1277354.68,11.00,252.00,26,27,26,
2015,Thread Herring,***,***,2.00,105.00,5,5,5,*
2015,Tilefishes,45354.22,135228.30,25.00,223.00,60,59,64,
2015,Triggerfishes,131535.80,331805.04,33.00,581.00,74,75,78,
2015,Tuna,1341188.30,2916112.89,58.00,2742.00,373,387,375,
2015,Wahoo,18379.64,65475.34,42.00,214.00,106,108,105,
2015,Weakfish,80272.46,115898.43,86.00,4467.00,469,506,474,
2015,White Perch,161596.22,124498.54,52.00,4182.00,338,365,352,
2015,Yellow Perch,41654.50,54012.69,29.00,1781.00,163,172,174,
2016,Amberjacks,138712.37,150501.34,33.00,736.00,78,81,85,
2016,American Shad,62245.13,88728.62,47.00,1088.00,157,151,161,
2016,Blue Crab,25462942.81,24116773.26,268.00,51707.00,886,1076,951,
2016,Blue Runner,1578.50,1196.10,16.00,156.00,50,51,51,
2016,Bluefish,1148643.10,600172.22,119.00,6903.00,571,597,586,
2016,Catfishes,992438.80,238725.36,69.00,7579.00,422,430,442,
2016,Croaker,2092286.80,2216210.59,117.00,3675.00,489,511,497,
2016,Dolphinfish,356061.00,1271296.43,39.00,780.00,184,188,195,
2016,Eels,41156.25,88700.66,17.00,158.00,42,41,42,
2016,"Finfish, Other",782077.70,914489.54,215.00,15618.00,1189,1282,1236,
2016,Gizzard Shad,174222.00,30488.85,18.00,1236.00,98,96,101,
2016,Groupers,258173.06,1111328.18,35.00,1329.00,94,96,99,
2016,Hard Clams,331214.69,2578119.62,78.00,20466.00,626,436,659,
2016,Hickory Shad,96121.30,29309.17,42.00,1667.00,197,191,201,
2016,Hog Snapper,9194.56,39451.63,9.00,134.00,21,25,26,
2016,King Mackerel,420869.23,870010.85,44.00,1431.00,195,208,214,
2016,Kingfishes,834770.90,1007692.44,138.00,6449.00,601,656,620,
2016,Menhaden,398043.70,73766.25,68.00,2580.00,291,294,293,
2016,Monkfish/Goosefish,50883.20,47172.86,15.00,277.00,111,117,112,
2016,Oyster,668422.56,4091154.98,157.00,16402.00,841,670,887,
2016,Porgies,44071.64,82273.54,31.00,724.00,79,79,84,
2016,Red Drum,77101.12,203003.07,99.00,4777.00,464,495,474,
2016,Scup,111908.00,72870.86,7.00,70.00,44,47,47,
2016,Sea bass,424051.45,1346245.42,43.00,1516.00,168,181,176,
2016,Sharks,951813.50,403735.59,23.00,1508.00,150,147,155,
2016,"Sharks, Dogfishes",2449895.00,308311.88,18.00,813.00,109,108,111,
2016,"Shellfish, Other",398310.61,2368762.14,128.00,6872.00,636,611,657,
2016,"Shrimp, Brown",4818960.51,8385036.07,149.00,3213.00,360,378,368,
2016,"Shrimp, Pink",45070.75,80239.83,27.00,293.00,61,64,61,
2016,"Shrimp, Uncl",6416.12,52213.78,18.00,235.00,23,24,23,
2016,"Shrimp, White",8330195.47,19744033.73,169.00,6583.00,423,464,443,
2016,Snappers,280043.06,958189.52,33.00,771.00,77,78,83,
2016,Southern Flounder,899932.11,3618195.98,189.00,13378.00,945,1004,971,
2016,Spadefish,15230.85,9188.62,40.00,506.00,130,129,133,
2016,Spanish Mackerel,601623.03,1068255.92,86.00,3062.00,339,361,344,
2016,Spot,241044.34,301676.76,134.00,3481.00,482,524,493,
2016,Spotted Seatrout,254590.18,662607.85,139.00,7152.00,685,740,695,
2016,Striped Bass,146188.60,432127.32,45.00,4931.00,280,271,297,
2016,Striped Mullet,965337.26,669842.87,156.00,6825.00,688,735,701,
2016,Summer Flounder,2071099.88,8238720.92,69.00,883.00,247,262,252,
2016,Swordfish,445414.64,1202276.11,10.00,241.00,32,30,32,
2016,Thread Herring,10330.00,3099.00,3.00,36.00,3,3,3,
2016,Tilefishes,111788.23,395812.66,26.00,606.00,73,70,79,
2016,Triggerfishes,135545.47,356210.95,34.00,756.00,84,87,90,
2016,Tuna,1463193.54,3220820.03,54.00,2949.00,356,365,364,
2016,Wahoo,25393.32,93872.31,37.00,288.00,112,115,112,
2016,Weakfish,79666.56,120584.74,84.00,4437.00,443,479,453,
2016,White Perch,242106.00,166888.60,56.00,4398.00,298,313,307,
2016,Yellow Perch,29404.50,41609.36,26.00,1443.00,147,142,149,
2017,Amberjacks,127924.24,162983.91,34.00,660.00,86,89,96,
2017,American Shad,90867.93,109339.89,45.00,1347.00,188,179,191,
2017,Blue Crab,19263758.47,22208507.03,218.00,41541.00,745,904,799,
2017,Blue Runner,1463.00,982.73,9.00,145.00,43,43,42,
2017,Bluefish,1544053.05,999645.75,137.00,8005.00,679,749,697,
2017,Catfishes,1165135.57,399413.14,74.00,7286.00,390,427,411,
2017,Croaker,1008015.40,1133570.33,111.00,3794.00,470,507,481,
2017,Dolphinfish,198038.42,719453.76,44.00,764.00,182,182,193,
2017,Eels,25539.75,14875.71,25.00,150.00,51,52,51,
2017,"Finfish, Other",881202.54,908007.49,210.00,19147.00,1278,1435,1351,
2017,Gizzard Shad,166695.00,8334.75,19.00,1048.00,83,82,84,
2017,Groupers,223592.87,1013987.12,37.00,1273.00,98,101,110,
2017,Hard Clams,273280.33,2174490.54,75.00,19037.00,559,401,607,
2017,Hickory Shad,73627.45,20189.84,40.00,1568.00,203,202,204,
2017,Hog Snapper,15776.13,70759.80,16.00,139.00,32,35,39,
2017,King Mackerel,629703.15,1266997.47,43.00,1744.00,208,223,238,
2017,Kingfishes,942946.41,1096613.80,125.00,6893.00,647,723,674,
2017,Menhaden,752799.23,157287.98,75.00,2619.00,282,304,291,
2017,Monkfish/Goosefish,66277.00,60086.23,13.00,180.00,91,96,95,
2017,Oyster,852847.98,5634893.06,165.00,17504.00,810,647,883,
2017,Porgies,50805.70,96664.43,32.00,710.00,89,92,97,
2017,Red Drum,187038.70,498259.90,134.00,10150.00,705,778,729,
2017,Scup,199711.00,112830.26,10.00,76.00,50,51,51,
2017,Sea bass,632730.28,1863115.76,47.00,1530.00,187,197,199,
2017,Sharks,862170.70,424464.65,22.00,1224.00,137,137,137,
2017,"Sharks, Dogfishes",547525.00,112312.65,17.00,369.00,86,86,86,
2017,"Shellfish, Other",359043.25,1348912.13,120.00,7467.00,628,623,655,
2017,"Shrimp, Brown",4529615.15,8544144.81,136.00,2708.00,337,371,356,
2017,"Shrimp, Pink",209773.33,326635.62,32.00,384.00,73,76,73,
2017,"Shrimp, Uncl",36267.29,139166.57,27.00,456.00,30,30,31,
2017,"Shrimp, White",9133284.81,20628754.56,167.00,6580.00,433,490,472,
2017,Snappers,286860.92,1020240.47,34.00,1033.00,88,91,100,
2017,Southern Flounder,1396383.92,5663116.46,193.00,17985.00,1050,1154,1090,
2017,Spadefish,18834.30,13414.47,44.00,1006.00,165,177,166,
2017,Spanish Mackerel,816089.09,1384682.00,73.00,2783.00,313,341,322,
2017,Spot,415465.30,523832.59,129.00,4646.00,567,617,583,
2017,Spotted Seatrout,299951.50,779954.15,153.00,9759.00,841,919,869,
2017,Striped Bass,99008.98,288887.64,43.00,3525.00,274,285,286,
2017,Striped Mullet,1366350.86,1037533.23,165.00,7745.00,760,842,786,
2017,Summer Flounder,1572707.13,6354887.70,66.00,832.00,247,264,259,
2017,Swordfish,458361.25,1138259.87,9.00,259.00,28,26,27,
2017,Thread Herring,15612.00,3330.56,3.00,65.00,8,9,7,
2017,Tilefishes,88753.85,335986.89,31.00,511.00,74,76,82,
2017,Triggerfishes,152958.49,415997.21,38.00,1042.00,107,111,115,
2017,Tuna,2083400.64,5092398.34,47.00,3507.00,389,417,402,
2017,Wahoo,28963.00,110577.31,42.00,261.00,106,105,106,
2017,Weakfish,85461.54,129159.83,94.00,4644.00,498,546,514,
2017,White Perch,171755.50,125447.68,56.00,3332.00,298,335,312,
2017,Yellow Perch,16131.00,21620.99,22.00,697.00,113,124,116,
2018,Amberjacks,141823.55,162910.04,29.00,701.00,87,98,93,
2018,American Shad,52113.25,79811.55,42.00,910.00,131,126,132,
2018,Blue Crab,17015697.05,19657503.36,218.00,36322.00,686,785,739,
2018,Blue Runner,5168.80,4755.55,11.00,287.00,65,68,65,
2018,Bluefish,910262.06,675209.32,115.00,6427.00,601,663,622,
2018,Catfishes,1137401.32,290387.99,73.00,6917.00,379,390,402,
2018,Croaker,1643645.56,1631506.45,98.00,2405.00,365,388,370,
2018,Dolphinfish,144660.07,494055.08,42.00,705.00,188,190,195,
2018,Eels,18905.00,29842.24,16.00,117.00,40,41,41,
2018,"Finfish, Other",833733.52,1082299.18,199.00,14907.00,1134,1254,1183,
2018,Gizzard Shad,262405.00,14046.39,17.00,1541.00,115,107,116,
2018,Groupers,239181.19,1112068.11,33.00,1321.00,97,110,107,
2018,Hard Clams,199954.96,1628664.46,67.00,12828.00,462,367,505,
2018,Hickory Shad,75480.89,26399.18,39.00,1027.00,149,141,150,
2018,Hog Snapper,13755.25,60617.31,15.00,152.00,31,34,34,
2018,King Mackerel,506933.02,1146961.92,34.00,1493.00,187,209,208,
2018,Kingfishes,407172.88,504795.42,105.00,4367.00,515,549,523,
2018,Menhaden,713978.14,176162.07,61.00,2348.00,254,267,261,
2018,Monkfish/Goosefish,45166.00,35652.38,13.00,210.00,100,102,103,
2018,Oyster,625277.81,3834873.65,161.00,12447.00,623,523,660,
2018,Porgies,54985.33,112247.10,28.00,776.00,87,98,95,
2018,Red Drum,144640.05,386724.27,120.00,7207.00,579,644,605,
2018,Scup,78944.00,58242.89,8.00,83.00,58,60,61,
2018,Sea bass,497055.71,1518223.98,40.00,1284.00,186,203,198,
2018,Sharks,817498.00,355356.76,22.00,1153.00,114,125,115,
2018,"Sharks, Dogfishes",1378007.40,257282.56,20.00,629.00,95,98,95,
2018,"Shellfish, Other",230449.46,1083748.96,107.00,4260.00,467,461,480,
2018,"Shrimp, Brown",6125841.21,11199482.03,158.00,3012.00,381,407,400,
2018,"Shrimp, Pink",69350.90,202730.84,14.00,36.00,20,21,20,
2018,"Shrimp, Uncl",13312.19,74311.86,22.00,339.00,21,20,22,
2018,"Shrimp, White",3521247.66,8571110.59,137.00,2900.00,320,337,335,
2018,Snappers,323276.39,1172462.70,33.00,1235.00,92,104,99,
2018,Southern Flounder,903841.93,3823766.66,186.00,13325.00,912,980,950,
2018,Spadefish,9838.30,5639.93,34.00,414.00,87,87,88,
2018,Spanish Mackerel,796890.30,1237370.55,78.00,3086.00,343,378,358,
2018,Spot,167695.71,239185.52,105.00,3354.00,462,498,469,
2018,Spotted Seatrout,128979.66,346688.28,114.00,3726.00,536,578,546,
2018,Striped Bass,136047.42,439145.29,45.00,4397.00,274,270,287,
2018,Striped Mullet,1314385.20,955365.40,153.00,6798.00,687,747,709,
2018,Summer Flounder,1654568.55,6893315.60,55.00,552.00,222,228,228,
2018,Swordfish,425500.79,931381.88,12.00,258.00,30,29,30,
2018,Thread Herring,27252.00,6131.70,3.00,67.00,5,5,5,
2018,Tilefishes,68509.15,250496.73,25.00,523.00,73,78,79,
2018,Triggerfishes,174046.79,479814.78,34.00,952.00,102,112,110,
2018,Tuna,1508735.04,4334561.36,48.00,2747.00,340,358,351,
2018,Wahoo,22618.63,81776.50,32.00,235.00,103,105,105,
2018,Weakfish,35141.65,55755.08,57.00,3130.00,370,399,375,
2018,White Perch,131920.44,108241.31,55.00,2639.00,269,273,278,
2018,Yellow Perch,12725.00,14567.62,24.00,591.00,96,94,98,
2019,Amberjacks,104410.98,109992.03,30.00,776.00,99,110,107,
2019,American Shad,40975.30,70462.52,34.00,981.00,132,118,134,
2019,Bay Scallop,***,***,1.00,2.00,1,1,1,*
2019,Blue Crab,23027007.82,24658259.75,213.00,37969.00,655,769,702,
2019,Blue Runner,1256.09,1112.24,13.00,182.00,58,58,57,
2019,Bluefish,1108205.48,559832.96,117.00,7408.00,623,704,643,
2019,Catfishes,1239152.20,267300.59,62.00,6323.00,301,306,324,
2019,Croaker,1278339.99,1566030.13,94.00,3056.00,366,397,373,
2019,Dolphinfish,208384.76,675934.90,35.00,719.00,167,177,179,
2019,Eels,10147.58,38725.38,26.00,120.00,47,50,46,
2019,"Finfish, Other",985043.81,1298538.58,193.00,13853.00,1091,1202,1144,
2019,Gizzard Shad,308315.00,30831.50,19.00,1625.00,116,98,122,
2019,Groupers,302841.53,1475199.78,35.00,1549.00,111,123,121,
2019,Hard Clams,118148.74,1116845.19,52.00,8633.00,318,266,349,
2019,Hickory Shad,111719.00,32501.72,38.00,1265.00,168,162,167,
2019,Hog Snapper,14486.00,66894.82,15.00,194.00,32,38,37,
2019,King Mackerel,698251.77,1570680.13,35.00,1937.00,219,243,247,
2019,Kingfishes,702327.56,995248.75,111.00,5733.00,530,587,545,
2019,Menhaden,551849.47,135682.03,48.00,1795.00,184,200,186,
2019,Monkfish/Goosefish,44149.00,35486.69,13.00,229.00,97,101,102,
2019,Oyster,832708.37,4889462.03,163.00,14718.00,600,522,663,
2019,Porgies,45232.43,88708.66,25.00,837.00,89,100,98,
2019,Red Drum,56419.15,163457.58,103.00,3553.00,432,472,445,
2019,Scup,216776.00,112878.36,10.00,96.00,62,63,63,
2019,Sea bass,385404.25,1157244.38,41.00,1235.00,175,195,190,
2019,Sharks,881401.00,352390.90,19.00,1168.00,110,125,110,
2019,"Sharks, Dogfishes",1226883.00,194067.28,16.00,495.00,74,81,76,
2019,"Shellfish, Other",288323.95,1715324.33,97.00,3062.00,376,381,391,
2019,"Shrimp, Brown",1496597.00,2970104.70,115.00,1588.00,247,264,256,
2019,"Shrimp, Pink",2077.82,3745.94,7.00,31.00,8,9,8,
2019,"Shrimp, Uncl",14489.30,89760.83,26.00,426.00,20,20,20,
2019,"Shrimp, White",8106871.17,19049180.95,130.00,4068.00,309,346,328,
2019,Snappers,422969.52,1566839.28,34.00,1421.00,106,119,117,
2019,Southern Flounder,800079.87,3078601.00,175.00,10041.00,781,874,813,
2019,Spadefish,12261.90,6974.28,32.00,475.00,96,99,97,
2019,Spanish Mackerel,722398.11,998880.82,88.00,3298.00,408,445,418,
2019,Spot,392206.31,565357.30,112.00,4016.00,474,534,490,
2019,Spotted Seatrout,378499.70,893046.91,143.00,8553.00,694,811,716,
2019,Striped Bass,137555.11,373151.98,28.00,3328.00,194,176,207,
2019,Striped Mullet,1362216.59,929285.03,150.00,6912.00,632,727,660,
2019,Summer Flounder,2025401.25,7292374.78,53.00,586.00,211,222,219,
2019,Swordfish,413054.82,1008928.28,12.00,289.00,44,44,44,
2019,Thread Herring,25584.00,6173.53,4.00,49.00,5,5,5,
2019,Tilefishes,90118.36,334802.08,30.00,618.00,76,79,85,
2019,Triggerfishes,165126.24,467136.94,33.00,793.00,93,100,102,
2019,Tuna,1490135.67,3440754.07,45.00,3326.00,395,423,401,
2019,Wahoo,31493.67,108198.36,35.00,265.00,121,122,120,
2019,Weakfish,115665.30,181369.08,72.00,4463.00,399,438,409,
2019,White Perch,100991.00,90500.24,50.00,2433.00,231,247,239,
2019,Yellow Perch,6339.00,7757.32,18.00,463.00,80,81,80,
2020,Amberjacks,150952.00,153252.45,30.00,850.00,99,110,104,
2020,American Shad,134590.00,82957.18,36.00,849.00,127,116,130,
2020,Bay Scallop,***,***,1.00,7.00,2,1,2,*
2020,Blue Crab,13548410.75,20667287.16,201.00,35070.00,565,736,627,
2020,Blue Runner,1031.36,958.99,15.00,145.00,55,56,56,
2020,Bluefish,1112966.47,668583.08,118.00,8874.00,649,742,678,
2020,Catfishes,1227612.85,296500.83,58.00,6690.00,315,327,329,
2020,Croaker,570422.81,673426.11,95.00,3985.00,426,479,439,
2020,Dolphinfish,51993.91,178382.69,34.00,397.00,139,144,143,
2020,Eels,3516.00,9987.42,12.00,113.00,36,37,35,
2020,"Finfish, Other",1052279.42,1644137.02,181.00,12052.00,987,1101,1042,
2020,Gizzard Shad,313562.00,31356.20,18.00,1717.00,98,96,103,
2020,Groupers,199277.14,1108984.32,32.00,1232.00,94,111,103,
2020,Hard Clams,71051.59,901973.67,52.00,5799.00,302,237,327,
2020,Hickory Shad,68876.00,19063.51,33.00,1137.00,142,135,147,
2020,Hog Snapper,11640.38,52352.63,14.00,166.00,30,38,34,
2020,King Mackerel,611475.55,1469914.13,35.00,1904.00,220,243,245,
2020,Kingfishes,640758.76,1445429.51,114.00,6144.00,552,612,578,
2020,Menhaden,599742.14,122682.70,62.00,2107.00,218,223,223,
2020,Monkfish/Goosefish,37439.00,24430.33,11.00,149.00,64,68,68,
2020,Oyster,829105.54,4553646.77,167.00,13226.00,566,531,636,
2020,Porgies,30141.25,72688.23,23.00,700.00,77,88,83,
2020,Red Drum,165666.45,434983.68,124.00,7525.00,617,671,644,
2020,Scup,38772.00,20825.04,7.00,56.00,39,39,39,
2020,Sea bass,272421.86,745087.64,34.00,903.00,145,164,155,
2020,Sharks,704497.70,325134.29,16.00,1353.00,113,117,115,
2020,"Sharks, Dogfishes",1550617.00,236089.63,14.00,570.00,65,71,66,
2020,"Shellfish, Other",294332.31,2123880.36,73.00,2519.00,288,292,308,
2020,"Shrimp, Brown",1863556.46,3341641.59,110.00,1518.00,246,264,254,
2020,"Shrimp, Pink",29733.01,60817.55,18.00,134.00,25,27,25,
2020,"Shrimp, Uncl",29844.16,148536.82,26.00,599.00,27,30,30,
2020,"Shrimp, White",7819441.44,18855745.27,146.00,4452.00,338,380,357,
2020,Snappers,277174.88,1039710.48,29.00,1073.00,90,105,96,
2020,Southern Flounder,479905.26,1057536.05,144.00,3486.00,522,534,537,
2020,Spadefish,15007.00,7918.99,21.00,349.00,69,74,68,
2020,Spanish Mackerel,1033526.28,1479164.95,95.00,5171.00,474,533,496,
2020,Spot,542870.35,805387.41,122.00,5537.00,519,581,542,
2020,Spotted Seatrout,568762.57,1269023.55,143.00,11462.00,719,821,746,
2020,Striped Bass,123933.00,337123.60,27.00,3394.00,163,164,173,
2020,Striped Mullet,1299499.97,651111.87,161.00,9074.00,610,697,639,
2020,Summer Flounder,1779864.97,3753777.00,35.00,503.00,135,144,140,
2020,Swordfish,409267.24,1320775.40,11.00,337.00,44,42,44,
2020,Thread Herring,14498.00,2312.78,3.00,40.00,4,4,4,
2020,Tilefishes,115363.40,418132.68,27.00,581.00,71,79,75,
2020,Triggerfishes,126655.10,366785.79,26.00,811.00,84,97,90,
2020,Tuna,1835478.89,4092784.57,51.00,3545.00,430,466,443,
2020,Wahoo,12078.80,40809.31,27.00,145.00,72,74,74,
2020,Weakfish,87645.31,114634.27,80.00,4654.00,422,476,441,
2020,White Perch,215747.80,240953.18,53.00,3264.00,263,271,272,
2020,Yellow Perch,6237.00,9486.68,17.00,510.00,77,82,79,
2021,Amberjacks,229788.08,288028.28,28.00,797.00,89,100,98,
2021,American Shad,58884.27,73446.01,30.00,771.00,126,112,129,
2021,Blue Crab,12819844.25,23951302.26,189.00,33135.00,562,705,608,
2021,Blue Runner,2613.60,2786.99,13.00,205.00,60,60,61,
2021,Bluefish,1051019.02,643943.67,107.00,8368.00,573,643,592,
2021,Catfishes,1985589.50,557912.63,56.00,7480.00,328,340,341,
2021,Croaker,540619.85,595624.25,98.00,4188.00,405,454,417,
2021,Dolphinfish,26314.10,111702.39,36.00,354.00,102,106,108,
2021,Eels,6168.00,15682.69,15.00,134.00,40,42,40,
2021,"Finfish, Other",1754114.24,2860720.61,177.00,12686.00,984,1084,1018,
2021,Gizzard Shad,229267.00,17358.79,18.00,1243.00,94,87,96,
2021,Groupers,186944.52,1053159.89,31.00,1121.00,84,91,91,
2021,Hard Clams,81275.15,905421.69,54.00,5640.00,278,236,295,
2021,Hickory Shad,95371.50,27475.94,44.00,1436.00,184,189,187,
2021,Hog Snapper,13146.64,59431.35,9.00,137.00,22,26,26,
2021,King Mackerel,430867.64,1270227.84,33.00,1515.00,215,226,240,
2021,Kingfishes,808049.32,1245082.12,111.00,6284.00,543,594,561,
2021,Menhaden,430623.16,116423.76,56.00,1585.00,178,200,184,
2021,Monkfish/Goosefish,24772.00,15114.15,9.00,113.00,62,65,65,
2021,Oyster,1227399.95,6904968.80,166.00,14937.00,564,539,619,
2021,Porgies,26527.09,70837.63,23.00,630.00,74,82,80,
2021,Red Drum,200824.97,576462.62,115.00,7879.00,593,649,608,
2021,Scup,54255.00,24287.21,6.00,54.00,35,37,37,
2021,Sea bass,253866.69,827269.06,33.00,862.00,135,150,142,
2021,Sharks,593642.50,279414.55,18.00,1361.00,104,114,103,
2021,"Sharks, Dogfishes",173669.80,46466.94,13.00,235.00,54,54,56,
2021,"Shellfish, Other",204974.52,923735.90,78.00,2376.00,275,284,287,
2021,"Shrimp, Brown",2054934.97,3485780.68,110.00,1717.00,245,251,251,
2021,"Shrimp, Pink",4564.75,10248.69,14.00,60.00,16,18,17,
2021,"Shrimp, Uncl",7852.21,89533.69,17.00,344.00,12,14,12,
2021,"Shrimp, White",7085146.68,21106430.01,116.00,3706.00,286,313,303,
2021,Snappers,224168.25,927374.39,27.00,995.00,80,88,86,
2021,Southern Flounder,485023.66,1446558.49,139.00,3142.00,541,564,552,
2021,Spadefish,27489.00,21731.39,29.00,489.00,99,107,102,
2021,Spanish Mackerel,1155289.49,1846682.15,91.00,5176.00,442,494,460,
2021,Spot,527463.80,785720.64,115.00,5199.00,451,498,464,
2021,Spotted Seatrout,695970.31,1758261.33,128.00,12101.00,676,766,699,
2021,Striped Bass,27929.60,72626.64,23.00,1008.00,130,108,133,
2021,Striped Mullet,2140619.94,1336140.47,148.00,11445.00,664,747,682,
2021,Summer Flounder,2081420.10,5775612.75,31.00,394.00,129,135,132,
2021,Swordfish,265445.81,1039027.49,12.00,295.00,28,26,28,
2021,Thread Herring,15393.00,3078.60,3.00,20.00,3,3,3,
2021,Tilefishes,119268.73,464279.24,30.00,608.00,73,76,75,
2021,Triggerfishes,67353.15,212691.37,25.00,715.00,76,85,81,
2021,Tuna,1602670.17,5578931.93,43.00,2542.00,328,353,341,
2021,Wahoo,7343.31,27599.03,26.00,105.00,58,56,58,
2021,Weakfish,59533.99,83088.68,77.00,3704.00,371,414,380,
2021,White Perch,203239.30,246168.21,51.00,3543.00,251,277,261,
2021,Yellow Perch,7207.00,11375.28,16.00,465.00,81,81,81,
